id,No_Beard,Young,Mouth_Slightly_Open,Smiling,Male,Wavy_Hair,Black_Hair,Wearing_Hat,celebrity_id
20000,1,1,0,1,0,1,0,0,500
20001,0,1,1,1,1,0,0,0,500
20002,1,1,0,0,0,1,0,0,500
20003,1,0,1,1,1,0,0,0,500
20004,1,1,0,0,1,0,0,0,500
20005,1,1,1,1,0,1,0,0,500
20006,0,1,0,0,1,0,0,1,500
20007,1,1,1,1,0,1,0,0,500
20008,1,1,0,0,0,0,0,0,500
20009,1,1,0,0,1,0,0,0,500
20010,1,0,1,1,0,0,0,0,500
20011,0,1,1,1,1,0,0,0,500
20012,1,1,0,0,0,0,0,0,500
20013,0,1,0,0,1,0,0,0,500
20014,1,1,0,1,0,0,0,0,500
20015,1,1,0,0,0,0,0,1,500
20016,1,1,1,1,0,1,0,0,101
20017,1,1,0,0,1,0,0,0,500
20018,0,1,0,0,1,0,1,0,500
20019,0,1,0,0,1,0,0,0,500
20020,1,1,1,1,0,1,1,0,500
20021,1,1,0,0,0,0,0,0,500
20022,1,1,1,0,1,0,0,0,500
20023,1,1,0,0,0,1,1,0,500
20024,1,1,1,1,0,0,0,0,500
20025,1,1,1,1,0,0,0,0,500
20026,1,1,0,0,0,0,0,0,500
20027,1,1,0,0,1,0,0,1,500
20028,1,1,0,0,0,1,1,0,500
20029,1,1,1,1,0,0,1,0,500
20030,1,1,0,0,0,1,0,0,500
20031,1,1,1,1,0,0,0,0,500
20032,1,0,1,1,0,0,0,0,500
20033,1,1,0,0,1,0,0,0,500
20034,1,1,0,1,0,1,0,0,500
20035,1,1,0,0,0,0,1,1,500
20036,1,0,1,1,1,0,0,0,500
20037,1,1,0,0,0,0,0,0,500
20038,0,1,1,1,1,0,0,0,500
20039,1,0,0,0,1,0,1,0,500
20040,1,1,1,0,0,1,0,0,500
20041,0,1,0,0,1,0,1,0,500
20042,1,1,1,1,0,1,0,0,500
20043,1,1,0,0,0,1,0,0,500
20044,1,1,1,1,0,1,0,0,500
20045,0,1,0,0,1,0,1,0,500
20046,1,1,0,0,0,0,1,0,500
20047,1,1,1,1,0,0,0,0,500
20048,1,1,1,1,0,0,0,0,500
20049,1,1,1,0,0,0,0,0,500
20050,1,1,1,0,0,0,0,0,500
20051,1,1,1,1,1,0,1,0,500
20052,0,1,1,1,1,0,0,0,500
20053,0,1,1,1,1,0,1,0,500
20054,1,1,1,1,0,0,0,0,500
20055,1,1,0,0,1,0,0,0,500
20056,0,1,0,0,1,0,1,0,500
20057,1,1,0,0,0,0,0,0,500
20058,1,1,1,1,0,0,0,0,500
20059,1,1,1,1,0,0,0,0,500
20060,1,1,0,0,0,1,1,0,500
20061,0,1,0,0,1,0,0,0,500
20062,1,1,0,0,0,1,0,0,500
20063,1,1,1,1,0,1,0,0,500
20064,1,0,0,0,1,0,0,0,500
20065,1,1,0,0,0,0,0,0,500
20066,0,1,1,1,1,0,0,1,500
20067,1,1,0,0,1,0,0,0,500
20068,1,0,0,0,0,1,1,0,500
20069,1,1,1,1,0,1,0,0,500
20070,1,1,0,0,0,0,1,0,500
20071,1,1,0,0,0,1,0,0,500
20072,1,1,1,1,0,1,0,0,500
20073,1,1,0,0,1,0,1,0,500
20074,1,1,1,1,0,0,0,0,500
20075,1,0,0,0,1,0,0,0,500
20076,0,1,0,1,1,0,1,0,500
20077,0,1,0,0,1,0,0,0,500
20078,1,0,0,0,0,1,0,0,301
20079,1,1,1,1,0,1,0,0,500
20080,1,1,1,1,0,0,0,0,500
20081,1,1,0,0,0,0,1,0,500
20082,1,1,1,1,0,1,0,0,500
20083,1,1,1,0,1,0,0,0,500
20084,1,1,0,0,1,0,0,0,500
20085,1,1,1,1,0,1,0,0,500
20086,1,1,1,1,0,0,1,0,500
20087,1,1,1,1,1,0,0,0,500
20088,1,1,1,1,0,1,0,0,500
20089,1,0,1,1,1,0,0,0,500
20090,1,1,1,0,0,0,0,0,500
20091,1,1,0,0,0,0,1,0,500
20092,1,1,0,0,1,0,0,0,500
20093,1,1,0,1,0,1,0,0,318
20094,1,0,1,0,0,0,0,0,500
20095,1,1,1,0,0,0,1,0,388
20096,1,1,0,1,0,0,0,0,500
20097,0,0,0,0,1,0,1,0,500
20098,1,1,1,1,0,1,0,0,500
20099,1,1,1,1,0,1,0,0,500
20100,1,1,0,0,1,0,0,0,500
20101,0,0,0,0,1,0,0,0,500
20102,1,1,0,0,1,0,0,0,500
20103,1,1,0,0,0,0,1,0,500
20104,1,1,1,1,0,1,0,0,500
20105,1,1,1,1,1,0,1,0,500
20106,1,1,1,0,0,0,0,0,500
20107,1,1,1,1,0,0,0,0,500
20108,1,1,0,0,0,0,0,0,500
20109,1,1,0,0,0,0,0,0,500
20110,1,1,1,1,0,1,0,0,500
20111,1,1,1,1,0,1,0,0,500
20112,1,1,1,1,0,0,0,0,500
20113,1,1,1,0,0,0,0,0,500
20114,1,1,0,0,1,0,0,1,500
20115,1,1,1,1,0,1,0,0,500
20116,0,1,0,0,1,0,1,0,500
20117,1,1,0,0,0,0,0,0,500
20118,1,1,0,0,0,0,0,0,500
20119,0,1,0,0,1,0,1,0,500
20120,1,1,0,0,1,0,1,0,500
20121,0,1,0,0,1,1,0,0,500
20122,1,1,0,0,0,0,0,1,500
20123,1,1,1,1,0,1,0,0,500
20124,1,1,0,0,0,0,1,0,500
20125,1,1,1,1,0,0,0,0,500
20126,1,1,0,0,1,0,1,0,500
20127,1,1,1,1,0,1,0,0,500
20128,1,1,0,1,0,0,0,0,500
20129,1,1,0,0,0,0,0,0,500
20130,1,1,0,0,0,0,0,0,500
20131,0,1,1,0,1,0,0,1,500
20132,1,0,0,0,1,0,0,0,500
20133,1,1,0,0,0,0,1,0,500
20134,1,1,0,0,0,0,1,0,500
20135,1,1,1,0,1,0,1,0,500
20136,1,1,1,1,0,1,1,0,500
20137,1,0,1,1,1,0,0,0,500
20138,1,1,1,1,0,0,1,0,500
20139,1,1,0,0,1,0,0,0,500
20140,1,1,1,1,0,0,1,0,500
20141,1,1,0,1,0,1,0,0,500
20142,1,1,0,0,0,0,1,0,500
20143,1,1,0,0,0,0,0,0,500
20144,1,1,0,0,0,0,1,0,500
20145,1,1,0,1,0,1,0,0,500
20146,1,1,0,0,0,0,1,0,500
20147,0,1,0,0,1,0,1,0,500
20148,1,1,0,0,0,0,1,0,500
20149,1,1,1,1,1,0,1,0,500
20150,1,0,1,1,0,1,0,0,500
20151,1,1,1,1,0,1,1,0,500
20152,1,1,0,0,0,0,0,0,500
20153,1,1,1,0,1,0,1,0,500
20154,1,1,1,0,1,0,0,1,500
20155,1,1,1,0,0,0,1,0,500
20156,1,1,0,0,0,1,0,0,500
20157,1,1,0,0,0,1,0,0,500
20158,1,1,1,1,0,1,0,0,483
20159,1,1,0,0,0,1,0,0,500
20160,1,1,1,1,0,1,1,0,500
20161,1,1,0,1,0,1,0,0,500
20162,1,1,0,0,0,0,0,0,500
20163,1,1,0,0,0,1,0,0,500
20164,1,1,0,0,0,0,1,0,500
20165,1,1,0,1,0,1,1,0,500
20166,1,1,0,0,0,1,0,0,500
20167,1,1,1,1,0,1,0,0,442
20168,1,1,1,1,0,1,1,0,500
20169,1,1,1,0,0,0,1,0,500
20170,1,1,1,1,0,1,0,0,500
20171,1,1,0,0,0,1,1,0,500
20172,1,1,1,1,0,1,0,0,500
20173,1,1,1,1,1,0,1,0,107
20174,1,1,0,0,0,1,1,0,500
20175,1,1,1,1,0,1,0,0,500
20176,1,1,0,0,0,1,1,0,500
20177,0,0,0,0,1,0,0,0,500
20178,1,1,1,0,0,0,0,0,500
20179,1,1,0,0,0,1,1,0,500
20180,1,1,0,0,0,0,1,0,500
20181,1,1,0,0,0,1,0,0,500
20182,1,0,1,1,1,0,0,0,500
20183,1,1,1,1,0,1,0,0,500
20184,1,1,1,1,0,1,0,0,487
20185,1,1,0,0,0,1,0,0,500
20186,1,1,1,1,0,1,0,0,500
20187,1,1,0,0,1,0,0,0,500
20188,1,1,1,1,1,0,0,0,500
20189,1,1,0,0,1,0,0,0,500
20190,1,1,1,1,0,1,0,0,500
20191,1,1,0,0,0,0,0,0,500
20192,1,1,1,1,0,1,0,0,500
20193,1,1,0,0,0,1,0,0,500
20194,1,1,1,1,0,1,0,0,500
20195,1,1,1,1,0,0,0,0,500
20196,0,0,1,1,1,0,1,0,500
20197,1,1,0,0,0,1,0,0,500
20198,1,1,0,0,0,1,0,0,500
20199,1,1,0,1,0,1,0,0,500
20200,1,1,1,1,0,0,0,0,500
20201,1,1,1,1,1,0,1,0,500
20202,1,0,0,0,1,0,0,0,500
20203,1,0,1,1,1,0,0,0,500
20204,1,1,1,0,0,0,0,0,500
20205,1,1,1,1,0,1,0,0,500
20206,0,1,0,0,1,0,1,0,500
20207,0,1,0,0,1,0,0,0,500
20208,0,0,1,1,1,0,0,1,225
20209,1,1,0,0,0,1,0,0,500
20210,1,1,0,0,0,0,0,0,500
20211,1,0,1,0,1,0,0,0,500
20212,1,1,1,0,0,1,0,0,500
20213,1,1,0,0,0,1,1,0,500
20214,0,1,0,0,1,0,1,0,500
20215,1,0,0,1,1,0,0,0,500
20216,1,1,1,0,0,0,0,0,500
20217,1,1,1,0,0,1,0,0,500
20218,1,1,0,0,1,0,1,0,500
20219,1,1,0,0,0,1,0,0,500
20220,1,0,1,1,1,0,0,0,500
20221,0,0,0,0,1,0,1,0,500
20222,1,1,1,1,0,1,0,0,500
20223,1,1,1,1,0,1,0,0,500
20224,1,1,0,1,0,0,0,0,500
20225,1,0,0,0,0,1,0,0,500
20226,1,1,1,1,0,1,0,0,500
20227,0,1,0,0,1,0,1,0,500
20228,1,1,0,0,0,1,0,1,500
20229,1,1,0,0,0,0,0,0,500
20230,1,1,0,0,1,0,1,0,500
20231,0,1,0,0,1,0,0,0,500
20232,1,1,1,1,0,1,1,0,500
20233,1,1,0,0,1,0,0,0,500
20234,1,1,0,0,0,0,1,0,500
20235,1,1,0,0,0,0,0,0,500
20236,1,1,1,0,1,0,0,0,500
20237,1,1,0,1,0,1,1,0,500
20238,1,1,1,0,1,0,0,0,500
20239,1,1,0,0,0,1,0,0,500
20240,1,1,1,1,0,1,0,0,500
20241,1,1,0,0,1,0,0,0,500
20242,1,1,0,1,0,1,0,0,500
20243,1,1,0,1,0,1,0,0,500
20244,0,0,0,0,1,0,0,0,500
20245,1,1,1,1,1,0,1,0,203
20246,1,1,1,1,0,1,0,0,500
20247,1,1,1,0,1,0,0,0,500
20248,1,1,0,0,1,0,0,0,500
20249,1,1,1,1,1,0,1,0,500
20250,1,1,0,0,0,0,0,0,500
20251,0,1,0,0,1,0,0,0,500
20252,1,1,1,1,0,1,0,0,500
20253,1,1,1,1,0,1,1,0,500
20254,1,1,0,0,0,1,0,0,500
20255,1,1,1,1,1,0,1,0,500
20256,1,1,0,0,0,0,0,0,500
20257,1,1,0,1,0,0,1,0,500
20258,1,1,0,0,0,1,1,0,500
20259,1,1,0,0,1,0,1,0,500
20260,1,1,0,1,0,1,0,0,500
20261,1,1,0,0,0,0,0,0,500
20262,0,1,1,1,1,0,1,0,500
20263,1,1,0,0,0,1,0,0,500
20264,1,1,0,0,0,0,0,0,500
20265,1,1,0,0,0,1,0,0,500
20266,0,1,0,0,1,0,1,0,500
20267,1,1,1,1,0,1,0,0,500
20268,1,1,1,1,0,0,1,0,500
20269,1,1,0,0,0,1,0,0,500
20270,1,1,0,0,0,0,0,0,500
20271,1,1,0,0,1,0,1,0,500
20272,1,1,1,1,0,1,1,0,500
20273,0,1,0,0,1,0,1,0,500
20274,1,1,1,1,1,0,0,0,500
20275,1,1,0,0,0,0,0,0,500
20276,1,1,0,0,1,0,0,1,500
20277,0,1,0,0,1,0,0,0,500
20278,1,1,0,0,1,0,1,0,500
20279,1,1,0,0,0,0,0,0,500
20280,1,1,1,1,0,1,0,0,500
20281,1,1,1,1,0,1,0,0,500
20282,1,1,0,0,0,1,0,0,500
20283,1,1,0,0,1,0,0,0,500
20284,1,1,0,1,0,0,1,0,500
20285,1,1,1,1,0,1,1,0,211
20286,1,1,0,1,0,1,0,0,369
20287,1,1,0,0,0,0,0,0,500
20288,0,1,0,0,1,0,1,0,500
20289,1,1,0,0,1,0,0,0,500
20290,1,1,1,1,0,1,0,0,500
20291,1,1,1,0,0,1,0,0,500
20292,1,1,0,0,1,0,0,0,500
20293,1,1,1,1,0,1,1,0,500
20294,1,1,0,0,0,1,0,0,500
20295,0,1,0,1,1,0,1,0,500
20296,1,1,0,0,1,0,1,0,500
20297,1,1,1,1,0,1,0,0,500
20298,1,1,1,1,0,0,0,0,500
20299,1,1,0,1,0,0,0,0,500
20300,1,1,1,1,0,1,0,0,500
20301,1,1,0,0,0,1,0,0,500
20302,1,1,0,1,0,1,0,0,500
20303,1,1,1,1,1,0,0,0,500
20304,1,1,1,1,0,0,0,0,500
20305,1,1,1,1,0,0,1,0,500
20306,1,1,0,0,0,1,0,0,500
20307,1,1,1,1,0,0,0,0,500
20308,1,1,0,0,0,0,0,0,500
20309,1,1,0,0,0,1,0,0,500
20310,1,1,0,0,0,1,0,0,500
20311,1,1,0,0,0,0,0,0,500
20312,1,1,1,1,0,1,0,0,500
20313,1,1,1,1,0,0,1,0,500
20314,1,1,0,0,0,1,0,0,500
20315,1,1,1,1,0,0,0,0,500
20316,1,0,0,1,0,1,0,0,500
20317,0,1,0,0,1,0,0,0,500
20318,1,1,1,1,1,0,1,0,500
20319,1,1,1,1,0,1,1,0,500
20320,1,1,0,0,0,1,0,0,500
20321,1,1,1,1,0,0,1,0,500
20322,0,1,0,0,1,0,1,0,500
20323,1,1,1,1,0,1,0,0,500
20324,1,0,1,1,0,0,0,0,236
20325,1,1,0,0,0,0,0,0,500
20326,1,1,1,1,0,1,0,0,500
20327,1,1,1,1,0,1,0,0,500
20328,1,1,1,1,0,1,1,0,500
20329,1,1,1,1,0,1,1,0,500
20330,1,1,0,0,1,0,0,0,500
20331,1,1,1,1,0,0,0,0,500
20332,0,1,0,0,1,0,0,0,500
20333,1,1,0,1,0,1,0,0,500
20334,1,1,0,1,0,1,0,0,318
20335,1,1,0,0,0,0,0,0,500
20336,1,1,0,0,0,0,0,0,500
20337,0,1,1,1,1,0,1,0,500
20338,1,1,1,1,1,0,0,0,500
20339,1,1,0,1,0,0,0,0,500
20340,1,1,0,0,1,0,0,0,500
20341,1,1,0,0,0,0,1,0,500
20342,1,1,0,1,0,0,0,0,500
20343,1,1,0,0,0,0,0,0,500
20344,1,1,0,0,0,0,1,0,500
20345,1,1,0,0,1,0,0,0,500
20346,1,1,1,1,0,0,0,0,500
20347,1,1,1,0,1,0,0,0,500
20348,1,1,1,1,0,0,0,0,500
20349,1,0,0,0,1,0,0,0,500
20350,1,1,0,1,0,1,0,0,500
20351,1,1,1,0,0,1,0,0,500
20352,1,1,0,1,0,1,1,0,500
20353,1,1,0,0,1,0,0,0,500
20354,1,1,1,1,0,1,0,0,500
20355,1,1,0,0,0,1,0,0,500
20356,1,1,1,1,1,0,1,0,500
20357,1,1,1,1,0,1,0,0,500
20358,1,1,0,0,0,1,0,0,500
20359,0,1,1,1,1,0,0,0,500
20360,1,1,0,1,1,0,0,0,500
20361,1,1,1,1,1,0,0,0,161
20362,0,1,0,0,1,0,1,0,500
20363,1,1,0,0,0,0,0,0,500
20364,0,0,0,0,1,0,1,0,500
20365,1,1,0,0,1,0,0,0,500
20366,1,1,1,1,0,1,0,0,500
20367,1,0,1,1,0,1,0,0,500
20368,1,1,0,0,0,0,0,0,500
20369,1,1,1,0,0,0,0,0,500
20370,1,0,0,0,0,1,0,0,500
20371,1,1,1,1,0,0,0,0,500
20372,1,0,1,1,0,0,0,0,500
20373,1,1,1,1,0,1,0,0,500
20374,1,1,1,0,0,1,0,0,500
20375,1,1,0,0,1,0,1,0,500
20376,1,0,0,1,0,1,0,0,500
20377,0,1,0,0,1,0,0,0,500
20378,1,1,1,1,1,0,0,0,500
20379,1,0,1,1,0,1,0,0,500
20380,0,1,0,1,1,0,1,0,500
20381,1,1,1,0,0,0,0,0,500
20382,1,1,1,1,0,0,1,0,500
20383,1,1,1,1,0,1,0,0,500
20384,1,1,1,1,1,0,0,0,500
20385,1,1,1,0,0,0,1,0,500
20386,1,0,1,1,0,0,0,0,500
20387,0,1,0,0,1,0,0,0,500
20388,0,0,0,0,1,0,1,0,500
20389,1,1,0,1,1,0,0,0,500
20390,0,1,0,0,1,0,1,0,500
20391,1,1,0,0,1,1,0,0,500
20392,1,1,1,1,1,0,0,0,500
20393,1,0,1,0,0,1,0,0,500
20394,1,1,0,0,1,0,0,0,500
20395,1,1,1,1,0,0,0,0,500
20396,1,1,1,1,0,0,1,0,500
20397,1,1,0,0,0,0,1,0,500
20398,1,1,0,0,1,0,0,0,500
20399,1,1,0,0,1,0,1,0,500
20400,1,1,0,0,1,0,1,0,500
20401,1,1,0,0,1,0,0,0,500
20402,0,1,0,0,1,0,1,0,500
20403,1,0,1,1,1,0,0,0,500
20404,1,1,0,0,1,0,0,0,500
20405,1,1,0,0,0,0,0,0,500
20406,1,1,1,1,0,1,0,0,500
20407,1,1,0,0,1,0,0,0,500
20408,1,1,0,0,0,0,0,0,500
20409,1,1,0,0,0,0,0,0,500
20410,1,1,0,0,0,0,1,0,500
20411,1,1,0,0,0,1,0,0,500
20412,1,1,0,1,0,1,0,0,500
20413,1,1,0,0,0,0,1,0,500
20414,1,1,1,1,0,1,0,0,500
20415,1,1,1,1,0,1,0,0,500
20416,1,1,1,1,0,1,0,0,500
20417,1,1,0,0,1,1,0,0,500
20418,1,1,0,0,1,0,0,0,500
20419,1,1,1,1,0,1,0,0,500
20420,1,1,0,0,1,0,1,0,500
20421,1,1,0,1,0,1,1,0,500
20422,1,1,1,1,0,1,1,0,500
20423,1,1,1,1,0,1,0,0,500
20424,1,1,1,1,0,1,0,0,500
20425,1,1,0,0,0,0,0,0,500
20426,1,1,1,1,1,0,0,0,500
20427,1,1,1,1,0,1,0,0,500
20428,1,1,1,1,0,1,0,0,500
20429,1,1,0,0,0,0,0,0,500
20430,1,1,1,1,0,0,0,0,500
20431,0,1,0,0,1,0,0,0,411
20432,1,1,0,0,0,0,0,0,500
20433,1,1,0,1,0,0,0,0,500
20434,1,1,0,0,0,0,1,0,500
20435,1,1,0,0,0,1,0,0,500
20436,1,1,0,0,0,0,0,0,500
20437,1,1,0,0,1,0,1,0,500
20438,1,1,1,1,0,0,0,0,500
20439,1,0,0,0,1,0,0,0,500
20440,1,1,1,1,0,1,0,0,500
20441,1,1,0,0,1,1,0,0,500
20442,1,1,1,1,0,0,0,0,500
20443,1,1,1,1,0,1,0,0,500
20444,1,1,1,0,0,1,0,0,500
20445,1,1,1,1,0,1,0,0,500
20446,1,1,1,1,0,0,0,0,500
20447,0,1,0,0,1,0,1,0,500
20448,1,1,0,0,1,0,0,0,500
20449,0,0,0,0,1,0,0,0,500
20450,1,1,0,0,0,1,0,0,500
20451,1,1,1,1,1,0,0,0,500
20452,1,0,0,1,0,1,0,0,500
20453,1,1,0,0,0,1,0,0,500
20454,1,1,1,1,0,1,0,0,500
20455,1,1,1,0,0,1,0,0,500
20456,1,1,1,1,0,0,0,0,500
20457,1,1,0,1,0,0,0,0,500
20458,1,1,0,0,0,0,0,0,500
20459,1,1,1,1,0,0,0,0,500
20460,1,1,0,0,0,1,0,0,500
20461,1,1,0,1,0,0,0,0,500
20462,1,1,0,0,0,0,0,0,500
20463,1,1,0,0,1,0,0,0,500
20464,0,1,0,0,1,0,1,0,500
20465,1,1,1,1,0,1,1,0,500
20466,1,1,1,1,0,1,0,0,500
20467,1,1,1,1,0,1,0,0,500
20468,1,1,0,0,1,0,0,0,500
20469,1,1,0,1,0,1,0,0,500
20470,0,1,0,0,1,0,1,0,244
20471,0,1,0,0,1,0,0,0,500
20472,1,1,1,1,0,1,0,0,500
20473,1,1,1,1,0,1,0,0,500
20474,0,0,0,0,1,0,0,0,500
20475,1,1,1,1,1,0,1,0,500
20476,1,1,1,1,1,0,0,0,500
20477,1,1,0,0,0,0,0,0,500
20478,1,0,1,1,0,0,0,0,500
20479,1,1,0,0,0,1,0,0,500
20480,1,1,0,1,0,1,1,0,500
20481,1,1,0,0,0,1,0,0,500
20482,1,1,1,1,0,1,0,0,500
20483,1,1,0,0,0,1,0,0,500
20484,1,1,0,0,0,1,0,0,500
20485,0,1,0,1,1,0,1,0,500
20486,1,1,1,1,1,0,0,0,500
20487,1,1,0,1,1,0,1,0,500
20488,1,1,1,1,0,1,0,0,500
20489,1,1,1,1,0,0,0,0,500
20490,1,0,1,1,0,1,0,0,500
20491,1,0,1,1,0,1,0,0,500
20492,1,1,1,1,0,1,0,0,500
20493,1,1,0,0,1,1,0,0,500
20494,1,1,0,1,0,1,0,0,500
20495,1,1,1,1,1,0,0,1,500
20496,1,1,0,1,1,0,1,0,500
20497,1,1,0,1,0,0,0,0,500
20498,1,0,1,1,0,1,0,0,500
20499,1,0,1,1,0,0,0,0,500
20500,1,1,0,1,0,1,0,0,500
20501,1,1,1,1,1,0,1,0,500
20502,1,1,0,0,0,1,0,0,500
20503,1,1,0,0,0,0,0,0,500
20504,1,1,0,0,0,1,0,0,500
20505,1,1,0,0,0,0,0,0,500
20506,1,1,0,1,0,0,0,0,500
20507,1,1,0,0,0,1,0,0,500
20508,1,1,0,0,0,0,0,0,500
20509,0,1,0,0,1,0,0,0,500
20510,1,0,0,0,1,0,0,1,500
20511,1,0,0,1,0,0,0,0,500
20512,1,0,1,0,1,0,0,0,500
20513,1,1,0,0,0,0,0,1,500
20514,1,1,0,0,0,0,0,0,500
20515,1,1,1,1,0,1,1,0,500
20516,1,1,1,0,0,0,0,0,500
20517,1,1,1,0,0,1,0,0,500
20518,1,1,0,1,0,1,0,0,500
20519,1,1,1,0,0,1,0,0,500
20520,1,0,1,1,0,1,0,0,500
20521,1,1,0,1,0,0,0,0,500
20522,0,1,1,1,1,0,1,0,468
20523,1,0,0,0,0,0,0,0,500
20524,1,1,0,1,1,0,0,0,500
20525,1,1,1,1,0,1,0,0,500
20526,1,1,0,0,0,1,0,0,500
20527,1,1,0,0,0,1,0,0,500
20528,1,1,0,0,0,0,0,0,500
20529,1,1,0,0,1,0,1,0,242
20530,1,0,1,0,1,0,0,0,500
20531,1,1,1,1,0,1,0,0,500
20532,1,1,0,0,1,0,0,0,500
20533,1,1,1,1,1,0,0,0,55
20534,1,1,0,0,0,1,0,0,500
20535,1,1,1,1,0,0,1,0,500
20536,0,1,0,0,1,0,0,0,500
20537,1,1,0,0,1,1,0,0,500
20538,1,1,0,1,0,1,0,0,274
20539,1,1,0,0,0,1,0,0,500
20540,1,0,0,1,0,0,0,0,500
20541,1,1,1,1,1,0,0,0,500
20542,1,1,1,0,0,1,0,0,500
20543,1,1,1,0,0,0,0,0,499
20544,1,1,1,1,0,0,0,0,500
20545,1,0,1,1,0,1,0,0,500
20546,1,0,1,1,1,0,1,0,500
20547,1,1,0,0,0,0,1,0,500
20548,1,1,1,1,0,1,1,0,500
20549,1,1,1,1,1,0,1,1,500
20550,1,1,0,0,0,0,0,0,500
20551,1,1,1,1,0,0,1,0,12
20552,1,1,0,0,0,1,0,0,500
20553,1,1,1,1,0,1,0,0,500
20554,0,1,0,0,1,0,1,0,500
20555,1,1,0,0,0,1,0,0,500
20556,1,1,0,0,1,0,1,0,500
20557,1,1,1,0,0,0,0,0,500
20558,1,1,0,1,0,1,0,0,500
20559,1,1,1,1,0,0,0,0,500
20560,0,1,0,0,1,0,0,0,500
20561,0,1,1,1,1,0,1,0,500
20562,1,1,1,1,0,0,0,0,500
20563,1,1,0,1,0,0,0,0,500
20564,1,1,1,1,0,0,1,0,500
20565,1,1,0,0,0,0,0,1,500
20566,1,1,0,0,0,0,0,0,500
20567,0,0,1,1,1,0,1,1,500
20568,1,1,1,0,0,0,0,0,500
20569,1,1,0,0,0,0,0,0,500
20570,1,1,0,0,0,0,1,0,500
20571,1,1,1,0,0,1,0,0,500
20572,1,1,1,1,0,0,0,0,500
20573,1,1,0,0,0,0,0,0,246
20574,1,1,1,1,0,1,0,0,500
20575,1,1,1,1,0,1,0,0,500
20576,1,1,1,1,0,1,0,0,500
20577,1,1,0,0,1,0,1,0,500
20578,1,1,0,1,0,1,0,0,500
20579,1,1,1,1,0,1,1,0,500
20580,1,1,0,0,0,1,1,0,500
20581,1,1,0,0,0,1,1,0,500
20582,1,0,0,0,1,0,0,0,500
20583,1,1,0,0,0,0,1,0,500
20584,1,1,1,0,0,1,0,0,330
20585,1,1,1,1,0,1,0,0,500
20586,1,1,0,1,0,0,0,0,500
20587,1,1,0,0,0,1,0,0,500
20588,1,1,0,0,1,0,1,0,500
20589,1,1,1,1,0,1,0,0,500
20590,1,0,1,1,0,1,0,0,500
20591,1,1,0,0,0,0,1,0,500
20592,1,1,0,0,0,1,0,0,500
20593,1,1,0,1,0,1,0,0,500
20594,1,1,1,1,0,0,0,0,500
20595,1,1,0,0,1,0,0,0,500
20596,1,1,0,0,0,0,1,0,500
20597,1,1,1,1,0,1,0,0,500
20598,1,1,1,1,0,0,0,0,500
20599,1,1,1,1,0,1,1,0,500
20600,1,1,1,1,1,0,1,0,500
20601,1,1,0,0,1,0,0,0,500
20602,1,1,0,0,0,1,0,0,500
20603,0,1,1,1,1,0,0,0,500
20604,1,1,0,0,1,0,0,0,500
20605,1,1,1,1,0,0,0,0,500
20606,1,1,0,1,1,0,1,0,500
20607,1,1,1,0,0,0,0,0,500
20608,1,1,1,1,1,0,0,0,500
20609,1,1,1,1,0,1,0,0,500
20610,1,0,1,1,0,0,0,0,500
20611,1,1,0,0,1,0,0,0,500
20612,0,1,0,0,1,0,1,0,500
20613,1,1,1,1,0,1,1,0,500
20614,1,1,1,1,0,0,1,0,500
20615,1,1,0,0,0,1,0,0,500
20616,1,1,1,1,0,1,1,0,500
20617,1,1,0,0,1,0,0,0,500
20618,1,1,0,0,0,1,0,0,500
20619,1,1,0,1,1,0,1,0,500
20620,0,1,0,0,1,0,0,0,500
20621,1,1,0,0,0,0,0,0,500
20622,1,1,0,0,0,0,0,0,500
20623,1,1,0,0,1,0,0,0,500
20624,1,1,0,0,0,0,0,0,500
20625,1,1,0,1,0,0,1,0,456
20626,1,1,1,1,0,1,0,0,500
20627,1,1,1,1,1,0,1,0,500
20628,1,0,1,0,1,0,0,0,500
20629,0,1,0,0,1,0,1,0,500
20630,1,1,0,0,1,0,1,0,500
20631,0,1,1,1,1,0,0,0,500
20632,1,1,0,0,0,1,0,0,500
20633,1,1,0,0,1,0,0,0,500
20634,1,1,0,0,0,1,0,0,500
20635,1,1,0,1,0,1,0,0,500
20636,0,1,1,1,1,0,1,0,468
20637,1,1,0,0,0,0,0,0,500
20638,1,1,0,1,0,1,0,0,500
20639,1,1,1,1,0,0,0,0,500
20640,1,1,0,1,0,0,0,0,500
20641,1,1,0,1,0,0,1,0,500
20642,1,1,1,1,0,1,0,0,500
20643,1,0,1,1,1,0,0,0,500
20644,1,1,0,0,0,1,0,0,500
20645,1,0,1,1,1,0,0,0,500
20646,1,1,0,1,0,1,0,0,500
20647,1,1,0,0,0,1,0,0,500
20648,1,1,1,1,0,1,0,0,500
20649,1,1,1,0,0,0,0,0,500
20650,1,1,1,1,0,1,0,0,500
20651,1,1,0,0,1,0,0,0,500
20652,1,1,1,1,0,1,0,0,500
20653,1,1,1,1,0,0,0,0,500
20654,0,1,0,0,1,0,0,0,500
20655,1,1,0,0,1,1,1,0,500
20656,1,1,1,0,0,0,0,0,500
20657,1,1,1,1,1,0,1,0,500
20658,1,1,1,0,0,0,0,0,500
20659,1,1,0,0,1,0,1,0,500
20660,1,1,1,1,0,0,1,0,500
20661,1,1,1,1,1,0,0,0,500
20662,1,1,1,1,0,0,1,0,500
20663,1,1,0,0,0,1,0,0,500
20664,0,1,1,1,1,0,0,0,500
20665,1,1,0,0,0,1,0,0,500
20666,1,1,1,1,0,0,0,0,500
20667,1,1,0,0,0,1,0,0,500
20668,1,1,0,0,0,1,0,0,500
20669,1,1,1,1,1,0,1,0,500
20670,1,1,1,1,0,0,0,0,500
20671,1,1,0,0,0,0,0,0,500
20672,1,1,1,0,0,1,0,0,500
20673,1,1,1,1,0,1,0,0,500
20674,0,1,0,0,1,0,1,0,500
20675,1,0,1,1,0,1,0,0,500
20676,1,1,0,0,0,1,0,0,500
20677,1,0,0,0,1,0,0,0,500
20678,1,1,1,1,1,0,0,0,500
20679,1,1,0,0,0,0,0,0,500
20680,0,1,0,0,1,0,1,0,500
20681,1,1,1,1,1,0,0,0,500
20682,0,0,0,0,1,0,0,1,500
20683,1,1,1,1,0,1,0,0,500
20684,1,1,1,1,0,1,1,0,500
20685,0,1,0,0,1,0,1,0,500
20686,1,1,0,0,0,1,0,0,500
20687,1,1,0,1,0,1,0,0,500
20688,1,1,1,1,0,1,0,0,500
20689,1,1,0,0,1,0,1,0,500
20690,1,1,1,1,0,0,0,0,500
20691,1,1,1,1,0,0,0,0,500
20692,1,0,1,1,0,1,0,0,500
20693,0,1,0,0,1,0,0,0,500
20694,1,1,0,1,0,1,0,0,500
20695,1,1,0,0,0,1,0,0,500
20696,1,1,1,1,0,0,0,0,500
20697,1,1,1,1,0,0,0,0,500
20698,1,1,0,0,1,0,1,0,500
20699,1,1,1,1,0,1,0,0,500
20700,1,1,1,1,0,1,1,0,500
20701,1,1,0,0,0,0,0,0,500
20702,1,0,1,0,1,0,0,0,500
20703,1,1,0,0,1,0,0,0,500
20704,1,1,0,0,0,1,0,0,500
20705,1,1,1,0,0,0,0,0,500
20706,1,1,1,1,1,0,0,0,500
20707,0,1,1,1,1,0,1,0,500
20708,1,1,1,1,0,1,0,0,500
20709,0,0,0,0,1,0,1,0,500
20710,0,1,1,1,1,0,0,0,500
20711,1,1,1,1,1,0,1,0,500
20712,1,0,0,0,0,1,0,0,500
20713,1,1,0,0,1,0,1,0,500
20714,1,0,1,1,1,0,0,0,500
20715,0,0,0,0,1,0,1,0,500
20716,1,1,1,1,0,0,0,0,500
20717,1,1,0,0,0,1,0,0,500
20718,1,1,0,0,0,0,1,0,500
20719,1,1,1,1,1,0,0,0,500
20720,0,1,0,0,1,0,1,0,500
20721,1,1,0,0,0,0,1,0,500
20722,1,1,0,0,0,0,0,0,500
20723,1,1,1,1,0,1,0,0,500
20724,1,1,0,1,0,1,0,0,82
20725,1,1,0,0,0,0,1,0,500
20726,1,1,0,0,1,0,0,0,500
20727,1,1,1,1,0,0,0,0,500
20728,1,1,0,0,0,1,0,0,500
20729,1,1,0,0,0,1,0,0,500
20730,1,1,0,0,0,0,0,0,500
20731,1,1,0,0,0,1,0,0,500
20732,1,1,0,1,0,1,0,0,500
20733,1,1,1,1,0,1,0,0,500
20734,1,1,1,1,0,0,0,0,500
20735,1,0,1,1,0,0,0,0,500
20736,1,1,0,1,0,0,0,0,500
20737,1,1,1,1,0,0,1,0,322
20738,1,1,1,1,0,0,0,0,500
20739,1,1,1,1,0,1,1,0,500
20740,1,1,1,1,0,0,0,0,500
20741,1,1,1,1,0,1,0,0,500
20742,1,1,1,1,1,0,1,0,500
20743,1,1,0,0,0,1,0,0,500
20744,1,1,0,0,0,1,0,0,500
20745,1,1,0,0,1,0,1,0,500
20746,1,1,1,1,0,1,0,0,500
20747,1,1,1,1,0,1,1,0,500
20748,1,1,0,0,1,0,0,0,500
20749,1,1,1,1,1,0,1,0,500
20750,1,1,1,1,0,1,0,0,500
20751,1,1,1,1,0,1,1,0,500
20752,1,1,0,0,1,0,1,0,500
20753,1,1,1,1,0,1,0,0,500
20754,1,1,0,0,1,0,0,0,206
20755,1,1,0,0,1,0,0,1,500
20756,1,1,0,0,1,0,0,0,500
20757,1,1,1,0,0,1,0,0,500
20758,1,1,1,0,0,0,1,0,500
20759,1,1,1,1,0,1,0,0,500
20760,1,1,1,0,1,0,0,0,500
20761,1,1,0,0,0,1,0,0,500
20762,1,1,1,0,0,1,0,0,500
20763,1,1,0,0,1,0,0,0,500
20764,1,1,1,1,0,1,0,0,500
20765,1,1,1,1,0,0,0,0,500
20766,1,1,1,1,0,0,1,0,500
20767,1,1,0,0,0,1,0,0,500
20768,1,1,0,0,1,0,1,0,500
20769,1,1,1,0,0,1,0,0,500
20770,0,1,0,0,1,0,1,0,500
20771,1,1,0,0,0,0,0,0,500
20772,1,1,0,0,0,0,0,0,500
20773,1,1,1,1,0,1,0,0,500
20774,1,1,1,0,0,1,0,0,500
20775,1,1,0,0,1,0,1,0,500
20776,1,1,1,1,0,0,0,1,500
20777,0,1,0,0,1,0,0,0,500
20778,1,1,1,1,0,1,0,0,500
20779,1,1,1,1,0,1,1,0,500
20780,0,1,1,1,1,0,0,0,500
20781,1,1,0,0,0,0,0,0,500
20782,1,1,0,0,1,0,1,0,294
20783,0,1,1,1,1,0,1,0,500
20784,1,1,0,0,0,0,0,0,500
20785,1,1,1,1,0,1,0,0,500
20786,1,1,1,1,1,0,0,0,500
20787,1,1,0,0,0,1,0,0,500
20788,1,1,0,0,0,1,0,0,249
20789,1,1,1,1,0,1,0,0,500
20790,1,1,0,0,0,1,0,0,500
20791,1,1,1,1,0,1,0,0,500
20792,1,1,1,1,0,1,0,0,500
20793,1,1,0,0,1,0,0,0,500
20794,1,1,0,0,1,0,0,0,500
20795,0,1,1,1,1,0,1,0,500
20796,1,0,0,0,1,0,0,1,500
20797,1,1,0,0,1,0,0,0,376
20798,1,1,0,0,0,0,1,0,500
20799,1,1,1,0,0,0,0,0,500
20800,1,1,1,1,0,0,1,0,500
20801,1,1,0,0,0,1,0,0,500
20802,1,0,0,0,1,0,0,0,500
20803,1,1,0,0,0,0,0,0,500
20804,1,0,0,0,0,0,0,0,500
20805,1,1,1,0,0,1,0,0,500
20806,1,0,1,0,1,0,0,0,500
20807,1,1,0,0,0,0,0,0,500
20808,1,1,1,1,0,1,0,0,500
20809,1,1,0,0,0,0,0,0,349
20810,1,1,0,0,0,0,0,0,500
20811,1,1,0,0,0,1,0,0,500
20812,1,1,0,0,0,0,0,0,500
20813,1,1,1,0,0,0,0,0,500
20814,1,1,0,1,0,0,1,0,500
20815,1,1,0,0,1,0,0,0,500
20816,0,1,0,0,1,0,1,0,500
20817,1,0,1,1,0,1,0,0,500
20818,1,1,1,1,0,0,0,0,500
20819,1,1,0,0,0,0,0,0,500
20820,1,1,1,1,0,1,0,0,500
20821,0,1,0,0,1,0,1,0,500
20822,1,0,1,1,1,0,0,1,500
20823,1,1,1,0,0,0,1,0,500
20824,1,0,0,0,1,0,0,0,500
20825,1,1,0,0,0,1,0,0,500
20826,1,1,0,0,0,0,0,0,500
20827,1,1,0,0,0,0,0,0,500
20828,1,1,1,1,0,1,0,0,500
20829,0,1,0,0,1,0,1,0,500
20830,1,1,1,0,0,1,1,0,500
20831,1,1,0,0,0,0,0,0,500
20832,1,0,1,1,0,1,0,0,500
20833,1,1,0,0,0,1,0,0,500
20834,1,1,0,0,0,0,1,0,500
20835,1,1,0,0,0,1,0,0,500
20836,1,1,0,1,0,1,0,0,500
20837,1,1,1,1,0,1,0,0,500
20838,1,1,1,1,1,0,0,1,500
20839,1,0,0,0,0,1,0,0,500
20840,1,1,1,1,0,1,1,0,500
20841,1,0,1,1,0,1,0,0,500
20842,0,0,1,1,1,0,1,0,500
20843,1,0,1,1,1,0,0,0,500
20844,1,1,1,1,0,1,0,0,500
20845,1,1,1,0,0,0,0,0,82
20846,0,0,1,0,1,0,0,1,183
20847,1,1,1,1,0,1,1,0,500
20848,1,1,1,1,0,1,0,0,500
20849,1,1,0,0,1,0,0,0,500
20850,1,1,0,0,1,0,0,0,500
20851,1,1,1,1,0,1,0,0,500
20852,1,1,1,1,1,0,0,0,500
20853,1,1,0,0,0,0,1,0,500
20854,1,1,0,0,0,1,0,0,500
20855,1,1,0,0,0,0,0,0,500
20856,1,1,0,0,1,0,1,0,500
20857,1,1,1,1,0,1,0,0,500
20858,1,0,1,1,1,0,0,1,500
20859,1,1,0,1,0,1,0,0,500
20860,1,1,0,0,0,0,0,0,500
20861,1,1,0,0,1,0,0,0,500
20862,1,1,1,1,0,1,0,0,500
20863,1,1,0,0,0,0,1,0,500
20864,1,0,1,1,0,0,0,0,236
20865,0,0,1,1,1,0,0,0,500
20866,1,1,1,1,0,1,0,0,500
20867,1,1,0,0,0,0,0,1,500
20868,1,1,1,1,0,0,0,0,500
20869,1,1,1,1,1,0,0,1,500
20870,1,1,1,0,0,1,0,0,500
20871,1,0,1,1,0,1,0,0,500
20872,1,1,1,1,0,0,1,0,500
20873,1,1,0,0,0,0,0,0,500
20874,1,0,0,0,1,0,0,0,500
20875,1,1,1,0,1,0,0,0,500
20876,1,1,1,1,1,0,1,0,500
20877,1,1,0,0,0,0,0,0,500
20878,1,1,1,1,0,1,0,0,500
20879,1,1,0,0,0,0,0,0,500
20880,1,1,1,0,0,0,0,0,500
20881,1,0,0,0,0,0,0,0,500
20882,1,1,0,0,0,1,0,0,500
20883,1,1,0,0,1,0,0,0,500
20884,1,1,1,1,0,1,0,0,500
20885,1,1,0,0,0,0,1,0,500
20886,1,1,0,1,0,1,1,0,500
20887,1,1,1,0,0,1,0,0,500
20888,0,0,1,1,1,0,1,0,500
20889,1,0,0,1,1,0,0,0,500
20890,1,1,0,0,0,1,0,0,500
20891,1,1,1,1,0,1,1,0,500
20892,1,1,0,0,0,0,0,0,500
20893,1,1,0,0,0,1,0,0,500
20894,1,1,1,0,0,0,1,0,500
20895,1,1,0,0,1,0,0,0,500
20896,1,1,0,0,1,0,0,0,500
20897,1,1,1,1,0,1,0,0,500
20898,1,1,0,0,0,1,1,0,500
20899,0,1,0,1,1,0,1,0,285
20900,1,1,1,1,0,1,0,0,500
20901,1,1,0,0,0,0,0,0,500
20902,1,1,0,0,0,1,0,0,500
20903,1,1,0,0,0,0,0,0,500
20904,1,1,0,0,0,0,0,0,500
20905,1,1,1,1,0,1,0,0,500
20906,1,1,0,0,1,0,0,1,500
20907,1,1,1,1,0,1,0,0,442
20908,1,1,0,1,0,1,0,0,500
20909,1,0,0,0,0,0,0,0,500
20910,1,1,0,1,0,1,1,0,500
20911,1,1,1,1,0,1,0,0,500
20912,1,1,0,0,0,0,1,0,500
20913,1,1,0,0,0,0,0,0,500
20914,1,1,1,0,0,1,0,0,500
20915,1,1,0,0,0,0,0,0,500
20916,1,0,0,1,1,0,0,0,500
20917,1,1,1,1,0,1,0,0,500
20918,0,0,1,1,1,0,0,0,500
20919,1,1,0,0,1,0,1,0,500
20920,1,1,0,0,0,1,0,0,500
20921,1,1,1,1,1,0,0,0,500
20922,1,1,0,0,0,1,0,0,500
20923,1,1,0,0,0,0,0,0,500
20924,1,0,0,1,0,0,0,0,500
20925,1,1,0,0,0,1,0,0,500
20926,1,1,1,1,0,1,1,0,500
20927,1,1,1,1,1,0,1,0,500
20928,1,1,0,0,0,0,0,0,500
20929,0,1,0,0,1,0,0,0,500
20930,0,1,0,0,1,0,1,0,500
20931,1,1,0,0,1,0,1,0,500
20932,1,1,0,0,1,0,0,0,500
20933,1,1,0,0,0,0,1,0,500
20934,1,1,0,0,0,1,0,0,500
20935,1,1,0,1,0,1,0,0,500
20936,1,1,0,0,0,0,0,0,500
20937,1,1,0,0,0,0,0,0,500
20938,1,0,0,0,1,0,0,0,500
20939,1,1,0,1,0,1,0,0,500
20940,1,1,0,0,0,1,0,0,500
20941,1,1,0,0,0,0,1,0,500
20942,1,1,1,1,0,0,1,0,500
20943,1,0,1,1,0,1,0,0,500
20944,1,1,1,1,0,1,0,0,500
20945,1,1,0,0,0,0,0,0,500
20946,1,1,0,0,0,0,1,0,500
20947,0,1,1,0,1,0,0,0,500
20948,1,0,1,1,0,1,0,0,500
20949,1,1,0,1,0,1,0,0,500
20950,1,1,0,0,0,0,0,0,500
20951,1,0,0,0,1,0,0,0,500
20952,1,1,1,1,0,1,0,0,500
20953,1,1,1,1,1,0,0,0,500
20954,1,0,1,1,1,0,0,0,306
20955,1,1,1,1,0,1,0,0,500
20956,1,1,1,1,1,0,0,0,500
20957,1,1,0,0,0,0,0,0,500
20958,1,1,1,1,0,1,0,0,500
20959,0,1,0,0,1,0,1,0,500
20960,1,1,0,0,1,0,1,0,500
20961,1,1,1,1,0,0,0,0,500
20962,1,1,1,1,0,1,0,0,500
20963,1,1,1,1,0,1,0,0,500
20964,1,0,1,1,0,1,0,0,500
20965,1,1,0,0,0,1,0,0,500
20966,1,1,1,1,0,0,0,0,500
20967,0,1,0,0,1,0,0,0,500
20968,1,1,1,1,1,0,1,0,500
20969,1,0,1,1,1,0,0,0,500
20970,1,1,1,0,0,1,0,0,500
20971,0,1,0,0,1,0,0,0,258
20972,1,1,1,1,0,1,0,0,500
20973,0,1,0,0,1,0,0,0,500
20974,1,1,0,0,0,0,0,0,500
20975,1,1,1,1,0,1,0,0,500
20976,1,1,1,1,0,1,0,0,500
20977,1,1,0,0,1,0,1,0,500
20978,1,1,0,0,0,0,1,0,500
20979,1,1,0,0,0,1,0,0,500
20980,1,1,0,0,0,1,0,0,500
20981,1,1,0,0,1,0,0,0,500
20982,1,1,0,1,0,1,0,0,500
20983,1,1,0,0,0,0,0,0,500
20984,0,1,0,0,1,0,1,0,500
20985,1,1,0,0,1,0,0,0,480
20986,1,1,0,0,0,0,0,0,500
20987,1,1,0,1,0,0,0,0,500
20988,1,1,1,1,0,1,1,0,500
20989,1,1,1,1,0,0,0,1,500
20990,1,1,1,0,0,0,0,0,500
20991,1,1,0,0,0,0,1,0,500
20992,1,1,0,1,0,0,0,0,500
20993,1,1,0,1,0,1,0,0,500
20994,1,1,1,1,1,0,0,0,500
20995,1,1,1,0,0,1,0,0,500
20996,1,1,0,1,0,1,0,0,318
20997,1,1,0,0,0,0,1,0,500
20998,1,1,0,0,0,1,1,0,500
20999,1,1,1,1,0,1,0,0,500
21000,1,1,0,0,0,1,0,0,500
21001,1,1,0,0,0,0,1,0,500
21002,0,1,0,0,1,0,1,0,500
21003,1,1,0,0,1,0,1,0,500
21004,1,1,1,1,1,0,0,0,500
21005,1,1,1,0,0,1,0,0,500
21006,1,1,0,1,0,0,0,0,500
21007,1,1,0,0,0,1,0,0,500
21008,0,1,0,0,1,0,0,0,500
21009,1,0,0,1,0,0,0,0,500
21010,1,1,1,1,0,1,0,0,500
21011,0,1,1,1,1,0,1,0,500
21012,0,0,1,1,1,0,0,0,500
21013,1,1,1,1,0,0,0,0,500
21014,1,1,0,0,0,0,0,0,500
21015,1,1,0,0,0,1,0,0,500
21016,1,1,1,0,0,1,0,0,500
21017,1,1,0,0,1,0,1,0,500
21018,1,1,1,1,0,0,0,0,500
21019,1,1,1,0,0,0,0,0,500
21020,0,1,0,1,1,0,1,0,500
21021,0,1,1,1,1,0,1,0,500
21022,1,1,0,0,0,0,0,1,500
21023,1,1,1,1,0,0,0,0,500
21024,1,1,0,1,0,1,1,0,500
21025,0,1,0,0,1,0,0,0,500
21026,1,1,0,1,0,0,0,0,500
21027,1,1,0,0,1,0,0,0,500
21028,1,1,1,1,0,1,0,0,500
21029,1,1,1,1,1,0,1,0,500
21030,1,1,1,1,0,0,0,0,500
21031,1,1,0,0,1,0,0,0,500
21032,1,1,0,1,0,0,0,0,500
21033,1,1,1,1,0,1,0,0,500
21034,0,1,1,1,1,0,0,0,500
21035,1,1,1,1,0,0,0,0,500
21036,1,1,1,1,0,1,1,0,500
21037,1,1,0,0,1,0,1,0,500
21038,0,1,0,0,1,0,1,0,500
21039,1,1,1,1,0,0,1,0,500
21040,1,1,0,1,0,0,0,0,500
21041,1,1,0,0,0,1,0,0,500
21042,1,1,1,1,0,1,0,0,500
21043,1,1,0,0,0,0,1,0,500
21044,1,1,1,1,0,1,0,0,500
21045,1,1,0,0,0,0,0,0,500
21046,1,1,1,1,0,0,0,0,500
21047,1,1,1,1,1,0,0,0,500
21048,0,1,0,0,1,0,1,0,500
21049,1,1,1,1,0,0,1,0,500
21050,1,1,0,0,1,0,0,0,500
21051,1,1,0,0,0,1,0,0,500
21052,1,1,0,0,0,1,0,0,500
21053,1,1,0,0,0,1,0,0,500
21054,1,1,0,0,0,0,0,0,500
21055,1,1,0,0,0,0,0,0,500
21056,1,1,1,1,0,0,0,0,500
21057,1,1,1,0,0,1,0,0,500
21058,1,1,0,0,0,0,0,0,500
21059,1,1,0,0,0,0,1,0,500
21060,0,1,0,0,1,0,1,0,500
21061,1,1,1,1,0,1,0,0,500
21062,1,1,1,1,0,1,0,0,500
21063,1,1,1,1,0,1,0,0,500
21064,0,0,0,0,1,0,1,0,500
21065,1,1,0,0,0,1,1,0,500
21066,1,1,1,1,0,1,0,0,500
21067,1,1,0,0,1,0,0,0,500
21068,1,1,0,0,1,0,1,0,500
21069,1,1,1,1,0,1,0,0,500
21070,1,0,0,0,0,1,0,0,500
21071,0,1,0,0,1,0,1,0,500
21072,1,1,0,0,0,1,0,0,500
21073,1,1,1,1,0,0,1,0,500
21074,1,0,0,0,1,0,0,0,500
21075,1,1,0,0,0,1,0,0,63
21076,1,1,1,1,0,1,0,0,500
21077,0,1,1,1,1,0,1,0,49
21078,1,1,1,0,0,1,0,0,500
21079,1,1,0,0,0,1,1,0,500
21080,1,1,1,1,0,1,0,0,500
21081,1,1,1,1,0,0,0,0,500
21082,1,1,1,1,0,1,0,0,500
21083,1,1,1,1,0,1,1,0,500
21084,1,1,0,1,0,0,1,0,500
21085,1,1,0,1,0,1,0,0,500
21086,1,1,1,0,0,1,0,0,500
21087,1,1,1,0,1,0,0,0,500
21088,1,1,1,1,1,0,0,0,500
21089,1,1,1,0,0,1,1,0,500
21090,1,1,0,0,0,0,0,0,500
21091,0,1,0,0,1,0,0,0,500
21092,1,1,0,0,1,0,1,0,500
21093,1,1,0,0,0,1,0,0,500
21094,1,1,0,0,0,1,0,0,500
21095,1,1,1,1,0,0,0,0,500
21096,1,1,0,0,0,0,1,0,500
21097,1,1,1,1,1,0,0,0,500
21098,1,1,0,0,0,1,0,0,500
21099,0,1,0,0,1,0,0,0,500
21100,1,1,1,1,1,0,1,0,168
21101,1,1,1,1,0,1,0,0,500
21102,1,1,1,1,0,0,0,0,500
21103,1,1,0,0,0,1,0,0,500
21104,0,1,0,1,1,0,0,0,500
21105,1,0,1,0,1,0,0,0,500
21106,1,1,1,1,0,0,0,0,500
21107,1,1,0,0,0,0,0,0,500
21108,1,1,0,0,1,0,0,0,500
21109,1,1,0,0,1,0,0,0,500
21110,1,1,0,1,1,0,0,0,500
21111,1,1,0,0,0,1,0,0,500
21112,0,1,0,0,1,0,0,0,500
21113,1,1,0,0,1,0,0,0,500
21114,1,1,0,0,0,1,0,0,500
21115,1,1,0,0,1,0,0,0,500
21116,1,0,1,1,0,0,0,0,500
21117,1,1,0,0,1,0,0,0,500
21118,1,1,1,1,1,0,1,0,500
21119,1,1,0,0,1,0,0,0,500
21120,1,1,1,1,0,1,0,0,500
21121,1,1,0,0,0,1,0,0,500
21122,1,1,0,0,0,1,0,0,500
21123,1,1,0,0,0,0,0,0,500
21124,1,1,0,0,0,1,0,0,500
21125,1,1,1,1,1,0,0,0,500
21126,1,1,0,0,0,0,1,0,500
21127,0,1,0,0,1,0,0,0,500
21128,1,1,0,0,0,0,0,0,500
21129,1,1,0,0,0,0,0,0,500
21130,1,1,1,1,0,0,0,0,500
21131,1,1,0,0,0,1,0,0,500
21132,0,1,0,1,1,0,1,0,500
21133,1,1,1,0,0,0,0,0,500
21134,1,1,0,0,0,0,0,0,500
21135,1,1,0,0,0,0,1,0,500
21136,1,1,0,0,0,0,1,0,500
21137,1,1,1,1,0,0,1,0,500
21138,1,1,0,0,1,0,0,0,500
21139,1,1,1,0,0,0,0,0,500
21140,1,1,1,1,0,1,1,0,500
21141,1,1,0,0,0,0,0,0,500
21142,1,1,0,0,0,0,1,0,500
21143,1,0,0,0,1,0,0,0,500
21144,1,1,0,0,0,0,1,0,500
21145,0,1,1,1,1,0,0,1,500
21146,1,1,0,0,0,1,0,0,500
21147,1,1,0,0,0,0,0,0,500
21148,1,1,0,0,1,0,0,0,500
21149,0,1,1,1,1,0,1,0,500
21150,1,1,0,0,0,1,0,0,500
21151,1,1,1,0,0,0,0,0,500
21152,1,1,1,0,0,1,0,0,500
21153,1,1,1,1,0,1,1,0,500
21154,1,1,0,0,0,1,0,0,500
21155,1,1,1,1,0,0,0,0,500
21156,1,1,1,0,0,0,0,0,500
21157,1,1,1,0,0,0,0,0,500
21158,1,1,1,1,1,0,0,1,500
21159,1,1,0,0,0,1,0,0,500
21160,0,1,0,0,1,0,0,0,500
21161,1,1,1,1,0,0,0,0,500
21162,1,1,1,1,0,0,1,0,500
21163,1,1,0,0,0,1,1,0,500
21164,1,0,1,1,0,1,0,0,500
21165,1,1,0,1,0,0,0,1,500
21166,1,1,0,0,0,1,0,0,500
21167,1,1,0,0,0,0,0,0,500
21168,0,1,0,0,1,0,0,0,500
21169,1,1,0,0,0,1,0,0,500
21170,1,1,1,1,0,0,0,0,500
21171,1,1,1,1,0,1,0,0,500
21172,1,1,1,1,0,1,0,0,500
21173,0,0,1,1,1,0,0,1,500
21174,1,0,1,1,1,0,0,0,500
21175,1,1,0,1,0,0,1,0,500
21176,0,1,0,0,1,0,0,0,500
21177,1,1,1,0,0,0,0,0,500
21178,1,1,0,0,1,0,1,0,168
21179,1,1,1,1,0,1,1,0,500
21180,1,0,1,1,1,0,0,0,500
21181,0,1,1,0,1,0,1,0,500
21182,0,1,0,0,1,0,1,0,500
21183,0,1,0,0,1,0,0,0,500
21184,1,0,0,0,1,0,0,0,500
21185,1,1,0,0,0,1,0,0,500
21186,1,1,0,1,0,0,0,0,500
21187,1,1,0,0,0,0,0,0,500
21188,1,1,1,1,1,0,0,0,500
21189,1,1,0,0,1,0,1,0,500
21190,1,1,1,1,0,1,0,0,500
21191,0,1,0,1,1,0,0,0,500
21192,0,0,1,1,1,0,0,0,500
21193,1,1,1,0,0,0,0,0,500
21194,1,1,0,0,1,0,0,0,500
21195,0,0,0,0,1,0,1,0,500
21196,1,1,1,1,0,1,0,0,500
21197,1,1,0,0,0,1,0,0,500
21198,1,1,0,0,0,1,0,0,500
21199,1,1,0,0,1,0,0,0,500
21200,1,0,1,1,1,0,0,0,500
21201,1,1,0,1,0,0,1,0,500
21202,0,1,0,0,1,0,1,0,500
21203,0,1,1,1,1,0,1,0,500
21204,1,1,0,0,1,0,0,0,500
21205,1,0,1,1,0,1,0,0,500
21206,1,1,0,0,1,0,0,0,500
21207,1,1,0,0,0,1,1,0,500
21208,1,1,0,1,0,0,0,0,500
21209,1,1,1,1,1,0,1,0,53
21210,1,1,1,0,0,1,0,0,500
21211,0,1,0,0,1,0,0,0,500
21212,1,1,0,0,1,0,0,0,500
21213,1,1,1,1,0,1,1,0,500
21214,1,1,1,1,0,1,0,0,500
21215,1,1,0,0,0,0,0,0,500
21216,1,1,0,0,1,0,1,0,500
21217,1,1,1,1,0,1,0,0,500
21218,0,0,1,1,1,0,0,0,500
21219,1,1,0,0,0,1,0,0,500
21220,1,1,1,1,0,0,1,0,500
21221,1,1,0,0,0,1,0,0,500
21222,1,1,0,0,0,1,0,0,500
21223,1,1,1,0,0,0,0,0,500
21224,0,1,0,0,1,0,0,0,500
21225,0,1,0,0,1,0,1,0,500
21226,1,1,1,1,1,0,1,0,500
21227,1,1,0,0,0,0,0,0,500
21228,1,1,0,1,1,0,1,0,500
21229,1,1,0,0,0,0,0,0,500
21230,1,1,1,1,0,1,0,0,500
21231,1,1,0,0,0,1,1,0,500
21232,1,1,0,1,0,1,0,0,500
21233,1,0,0,1,1,0,1,0,500
21234,1,1,0,0,0,0,0,0,500
21235,1,1,1,1,0,1,0,0,500
21236,1,0,0,0,1,0,0,0,205
21237,1,1,0,0,0,1,0,0,500
21238,1,1,0,0,0,1,0,0,500
21239,1,1,0,0,1,0,1,0,500
21240,0,1,0,0,1,0,0,0,500
21241,1,1,1,1,0,0,0,0,500
21242,1,0,1,1,0,0,0,0,500
21243,1,1,1,1,0,1,0,0,500
21244,1,1,0,0,1,0,0,0,500
21245,1,1,0,0,0,1,0,0,282
21246,0,1,0,0,1,0,0,0,500
21247,1,1,1,1,1,0,1,0,107
21248,1,1,1,1,0,0,0,0,500
21249,1,1,1,0,0,0,0,0,500
21250,1,1,0,0,0,1,0,0,500
21251,1,1,1,1,0,0,0,0,500
21252,0,1,0,0,1,0,1,0,500
21253,1,1,0,0,0,1,0,0,500
21254,0,1,0,0,1,0,0,0,500
21255,1,1,1,1,0,0,1,0,500
21256,1,0,1,1,1,0,0,0,500
21257,1,1,1,1,0,0,1,0,500
21258,1,1,0,0,0,0,0,0,500
21259,1,1,0,0,0,1,0,0,500
21260,0,1,0,0,1,0,1,0,500
21261,1,1,0,0,0,0,1,0,500
21262,1,1,1,1,1,0,1,0,500
21263,1,0,0,1,1,0,0,0,380
21264,1,1,0,0,0,0,1,0,500
21265,0,1,0,0,1,0,0,0,500
21266,1,1,0,1,0,0,0,0,500
21267,0,1,0,0,1,0,1,0,500
21268,1,1,0,1,0,1,0,0,500
21269,1,1,1,0,1,0,0,0,500
21270,1,1,0,0,0,1,1,0,500
21271,1,1,1,1,0,1,1,0,500
21272,1,1,0,0,1,0,0,0,480
21273,1,1,1,1,0,0,0,0,500
21274,1,1,0,0,0,0,0,0,500
21275,1,1,1,1,0,0,0,0,500
21276,0,0,0,0,1,0,1,0,500
21277,1,1,0,0,1,0,0,0,500
21278,1,0,0,0,1,0,0,0,500
21279,1,1,0,0,0,0,0,0,500
21280,1,1,0,0,1,0,0,0,500
21281,1,1,1,0,1,0,1,0,500
21282,1,1,1,1,0,0,1,0,500
21283,1,1,0,1,0,1,0,0,318
21284,0,1,0,0,1,0,0,0,500
21285,0,0,1,1,1,0,0,0,500
21286,0,0,1,0,1,0,0,1,500
21287,1,1,1,1,0,0,0,0,500
21288,1,1,1,1,0,1,0,0,500
21289,1,1,1,0,0,0,0,0,500
21290,1,1,1,1,0,1,0,0,482
21291,1,1,1,1,0,0,1,0,500
21292,1,1,1,1,0,1,0,0,500
21293,1,1,0,0,0,1,0,0,500
21294,1,0,1,1,0,1,0,0,500
21295,1,1,0,1,0,1,1,0,500
21296,1,0,1,1,0,1,0,0,500
21297,1,1,1,0,0,1,1,0,500
21298,1,1,1,0,0,0,0,0,500
21299,0,1,0,0,1,0,1,0,500
21300,1,1,0,0,0,1,0,0,500
21301,1,1,1,0,1,0,0,0,500
21302,0,0,0,0,1,0,0,0,500
21303,1,1,1,1,0,0,0,0,500
21304,1,1,0,0,1,0,0,0,500
21305,1,1,1,1,0,0,1,0,500
21306,1,1,0,0,0,1,0,0,500
21307,1,1,1,0,0,0,0,0,500
21308,1,1,1,1,0,1,0,0,500
21309,0,1,0,0,1,0,1,0,500
21310,1,1,1,0,0,0,0,0,500
21311,1,1,1,1,1,0,1,0,500
21312,1,1,0,0,0,1,0,0,500
21313,1,1,0,0,1,0,0,0,500
21314,1,1,1,1,0,1,0,0,500
21315,1,1,1,1,0,1,0,0,500
21316,0,0,0,0,1,0,0,0,500
21317,1,1,1,1,1,0,1,0,500
21318,1,1,0,0,0,1,0,0,500
21319,1,1,0,0,1,0,0,0,500
21320,1,1,0,1,0,0,0,0,500
21321,1,1,0,0,1,0,1,0,500
21322,1,1,1,1,0,1,0,0,500
21323,1,1,1,1,0,0,0,0,500
21324,1,1,1,1,0,1,0,0,500
21325,1,1,0,0,1,0,0,0,500
21326,1,1,1,0,0,1,0,0,500
21327,1,1,1,1,0,0,0,1,500
21328,1,1,1,0,0,1,0,0,500
21329,1,1,0,0,1,0,0,0,500
21330,1,1,0,0,0,1,0,0,500
21331,1,1,0,0,0,1,1,0,500
21332,1,1,1,1,0,0,0,0,500
21333,0,1,0,0,1,0,0,0,500
21334,1,1,1,1,0,0,1,0,500
21335,0,1,1,1,1,0,1,0,500
21336,1,1,0,0,0,1,0,0,500
21337,1,1,1,1,0,1,1,0,500
21338,1,1,1,1,1,0,1,0,500
21339,0,0,0,0,1,0,0,0,500
21340,1,0,0,1,1,0,0,0,500
21341,1,1,0,0,0,1,0,0,500
21342,0,1,1,1,1,0,1,0,500
21343,1,1,1,1,0,1,0,0,500
21344,1,1,1,1,0,0,1,0,500
21345,1,0,1,1,0,1,0,0,500
21346,1,1,0,0,0,1,1,0,500
21347,0,0,1,0,1,0,1,0,500
21348,1,1,0,0,1,0,0,0,500
21349,0,1,0,0,1,0,1,0,500
21350,1,1,0,0,0,0,1,0,500
21351,0,1,0,0,1,0,1,0,500
21352,1,1,1,1,0,0,1,0,500
21353,1,1,1,1,0,1,1,0,500
21354,1,1,1,0,0,1,0,0,500
21355,1,1,1,1,0,0,0,0,500
21356,1,1,0,1,0,1,0,0,500
21357,1,1,1,1,0,1,1,0,500
21358,1,1,1,1,0,0,0,0,500
21359,1,1,1,1,1,0,0,0,500
21360,1,1,1,1,0,0,0,0,500
21361,1,1,0,0,0,1,0,0,500
21362,1,1,1,1,0,1,1,0,500
21363,1,1,1,1,0,1,0,0,500
21364,1,1,1,0,0,0,0,0,500
21365,0,1,0,0,1,0,1,0,500
21366,1,1,0,1,0,1,0,0,500
21367,1,1,0,0,0,0,0,0,500
21368,1,1,1,1,0,0,0,0,500
21369,1,1,1,0,0,0,0,0,500
21370,1,0,1,1,0,0,0,0,500
21371,1,1,0,1,1,0,1,0,500
21372,0,1,0,0,1,1,0,0,500
21373,1,1,0,0,0,1,0,0,500
21374,1,1,0,0,0,0,1,0,500
21375,1,1,1,1,0,1,0,0,500
21376,1,1,0,1,0,1,0,0,500
21377,1,0,0,1,1,0,0,0,500
21378,1,1,0,0,1,0,0,0,500
21379,1,1,0,0,0,0,1,0,500
21380,1,0,0,0,0,0,0,0,500
21381,1,1,0,0,1,0,0,0,500
21382,1,1,1,0,0,0,0,0,500
21383,1,1,0,0,0,0,0,0,500
21384,1,1,1,1,0,0,1,0,500
21385,0,1,0,0,1,0,1,0,500
21386,1,0,0,0,1,0,0,0,500
21387,1,1,0,0,1,0,0,0,500
21388,0,1,1,1,1,0,1,0,500
21389,1,1,1,1,0,1,1,0,500
21390,1,1,1,0,0,1,0,0,500
21391,1,1,0,0,0,1,0,0,500
21392,0,0,1,0,1,0,1,0,500
21393,1,0,0,0,0,0,0,0,500
21394,1,1,1,1,0,1,0,0,500
21395,1,1,0,0,0,1,0,0,500
21396,1,1,1,1,1,0,1,0,500
21397,1,1,0,0,0,0,0,0,500
21398,1,1,1,1,0,0,1,0,439
21399,1,1,0,0,1,0,0,0,500
21400,1,1,0,0,0,1,0,0,500
21401,1,1,0,0,1,0,0,0,500
21402,1,0,0,0,1,0,0,0,500
21403,1,0,0,0,1,0,0,0,500
21404,1,1,1,1,0,1,0,0,500
21405,0,0,0,0,1,0,1,0,500
21406,0,1,0,0,1,0,0,0,500
21407,1,1,0,0,0,0,0,0,500
21408,1,1,0,0,1,0,0,0,500
21409,1,1,0,0,0,0,0,0,500
21410,1,0,1,0,1,0,0,0,500
21411,1,1,1,1,0,0,1,0,500
21412,1,1,1,1,0,1,0,0,500
21413,1,0,1,0,1,0,0,0,500
21414,0,1,0,0,1,0,0,0,500
21415,1,1,1,1,1,0,0,0,500
21416,1,1,0,0,0,1,0,0,500
21417,1,1,0,0,0,1,1,0,500
21418,1,1,0,0,0,0,0,0,500
21419,1,1,0,0,1,0,1,0,500
21420,1,1,1,1,1,0,0,1,500
21421,1,1,1,1,1,0,0,1,500
21422,1,1,0,0,0,1,0,0,500
21423,1,1,0,0,0,1,0,0,500
21424,1,1,0,0,0,1,0,0,500
21425,1,1,0,0,0,1,0,0,500
21426,1,1,0,0,1,0,1,0,500
21427,1,1,0,1,0,1,0,0,500
21428,1,1,1,1,0,1,0,0,500
21429,1,1,0,0,0,1,0,0,500
21430,0,1,0,0,1,1,0,0,500
21431,1,1,1,1,0,1,0,0,500
21432,0,1,0,0,1,0,0,0,500
21433,1,1,0,0,1,0,1,0,500
21434,1,1,0,0,0,0,0,0,500
21435,1,1,0,0,0,0,0,0,500
21436,0,0,0,0,1,0,0,0,500
21437,1,1,0,0,1,0,1,0,500
21438,1,1,0,0,0,0,0,0,500
21439,1,1,0,1,0,1,0,0,500
21440,1,1,0,0,1,0,0,0,500
21441,0,1,0,0,1,0,1,0,500
21442,1,1,0,0,0,1,0,0,500
21443,1,1,1,1,0,0,0,0,500
21444,1,1,0,1,1,0,1,0,500
21445,1,0,1,0,0,0,0,0,500
21446,1,1,1,1,0,0,0,0,500
21447,1,1,1,1,0,0,0,0,500
21448,1,1,0,0,0,1,0,0,500
21449,1,1,0,0,0,0,0,0,500
21450,1,1,0,0,0,0,0,1,500
21451,1,0,0,0,1,0,0,0,500
21452,1,1,1,1,1,0,1,0,500
21453,1,1,1,1,1,0,1,0,107
21454,1,1,1,1,0,1,1,0,500
21455,0,1,0,0,1,0,1,0,500
21456,1,1,0,0,0,1,0,0,500
21457,0,1,1,1,1,0,1,0,500
21458,1,1,1,0,0,1,0,0,500
21459,1,0,1,0,1,0,0,0,500
21460,1,1,1,1,1,0,0,0,500
21461,1,1,0,0,1,0,0,1,500
21462,1,1,0,1,0,0,0,0,500
21463,1,1,1,1,0,1,1,0,500
21464,1,1,1,0,0,0,0,0,500
21465,1,0,1,1,0,1,0,0,500
21466,0,1,0,0,1,0,1,0,500
21467,1,1,1,1,0,1,1,0,500
21468,1,1,1,1,0,1,0,0,500
21469,1,1,1,1,1,0,0,0,500
21470,1,1,1,1,0,1,0,0,500
21471,1,1,0,0,0,0,0,0,500
21472,1,1,1,1,0,0,1,0,500
21473,1,1,0,0,1,0,1,0,115
21474,1,1,1,1,0,0,1,0,500
21475,1,1,0,0,0,1,0,0,500
21476,1,0,1,1,1,0,0,0,500
21477,1,0,1,1,0,1,0,0,500
21478,1,1,1,1,0,1,0,0,500
21479,0,1,0,0,1,0,1,0,474
21480,0,1,0,0,1,0,1,0,500
21481,1,1,1,1,0,1,0,0,500
21482,1,1,0,0,1,0,0,0,500
21483,1,1,1,1,1,0,1,0,459
21484,1,1,1,1,1,0,1,0,500
21485,1,1,1,1,1,0,0,0,500
21486,1,1,1,1,0,1,0,0,426
21487,1,1,0,0,0,0,1,0,500
21488,1,1,0,0,0,1,0,0,500
21489,1,1,0,0,0,0,1,0,500
21490,1,1,1,1,0,1,0,0,442
21491,1,1,1,1,0,0,0,0,500
21492,1,1,0,0,0,1,0,0,500
21493,1,1,1,1,0,0,0,0,500
21494,1,0,0,1,0,1,0,0,500
21495,1,1,0,0,1,0,1,0,500
21496,1,1,1,1,0,1,0,0,500
21497,1,1,0,0,0,1,0,0,500
21498,1,1,0,0,0,1,0,0,500
21499,1,1,0,0,0,1,1,0,500
21500,1,1,1,0,0,1,1,0,500
21501,1,1,0,0,0,1,0,0,500
21502,1,1,0,0,1,0,1,0,500
21503,1,1,0,0,0,0,1,0,500
21504,1,1,0,0,0,1,0,0,500
21505,1,1,0,0,0,1,1,0,500
21506,0,1,0,0,1,0,1,0,500
21507,0,1,1,1,1,0,1,0,500
21508,1,1,0,0,1,0,0,0,500
21509,1,1,0,0,0,1,0,0,500
21510,1,1,0,0,0,1,0,0,500
21511,1,1,0,1,0,0,0,0,500
21512,1,1,0,0,1,0,0,0,500
21513,1,1,0,1,0,1,0,0,500
21514,0,1,1,0,1,0,1,0,500
21515,0,1,0,0,1,0,1,0,500
21516,1,1,0,0,0,1,0,0,500
21517,1,0,1,0,0,0,0,0,500
21518,0,1,1,1,1,0,1,0,500
21519,1,1,0,0,0,0,1,0,500
21520,1,1,1,1,0,1,0,0,101
21521,1,1,0,0,0,0,0,0,500
21522,0,1,0,0,1,0,1,0,500
21523,1,1,0,1,0,1,0,0,500
21524,1,1,1,1,0,1,0,0,500
21525,1,1,0,0,0,0,1,0,500
21526,1,1,1,1,0,1,0,0,500
21527,1,1,0,0,0,1,0,0,500
21528,1,1,0,0,0,0,1,0,500
21529,1,1,0,0,0,1,0,0,500
21530,1,1,0,1,0,0,0,0,500
21531,1,1,0,0,1,0,0,0,500
21532,1,1,1,1,1,0,1,0,500
21533,1,1,0,0,0,1,0,0,500
21534,0,0,0,0,1,0,0,0,500
21535,0,1,0,0,1,0,0,0,500
21536,1,1,0,0,0,1,0,0,500
21537,1,1,0,1,0,1,0,0,500
21538,1,1,1,1,0,1,0,0,500
21539,1,1,0,0,1,0,0,0,161
21540,1,1,1,1,0,1,0,0,500
21541,1,0,0,0,1,0,0,0,315
21542,1,1,0,0,0,0,1,0,500
21543,1,1,1,1,0,0,0,0,500
21544,1,1,1,1,0,0,0,1,500
21545,1,1,0,0,0,0,0,0,500
21546,1,1,0,0,0,1,0,0,500
21547,1,1,0,1,0,0,0,0,500
21548,1,1,1,1,0,1,1,0,500
21549,1,1,1,1,0,1,0,0,500
21550,1,1,0,0,1,0,0,0,500
21551,1,1,0,0,0,1,0,0,2
21552,1,1,1,1,0,1,0,0,500
21553,1,1,1,1,0,1,0,0,500
21554,1,1,1,1,0,0,1,0,500
21555,0,1,0,0,1,0,0,0,357
21556,1,1,0,0,0,0,1,0,500
21557,1,1,1,1,0,0,0,0,500
21558,1,0,0,0,1,0,0,0,500
21559,1,1,1,1,0,0,1,0,500
21560,1,1,1,1,0,1,0,0,500
21561,1,1,1,0,0,1,0,0,500
21562,1,0,1,1,0,1,0,0,500
21563,1,1,0,0,1,0,0,0,500
21564,1,1,1,0,0,1,0,0,500
21565,1,1,1,1,0,0,0,0,500
21566,1,1,1,0,0,1,0,0,500
21567,1,1,0,1,0,1,1,0,500
21568,1,1,1,1,1,0,1,0,500
21569,1,1,0,0,0,0,0,0,500
21570,1,1,1,1,0,1,0,0,500
21571,1,1,1,1,0,0,0,0,500
21572,1,1,1,1,0,1,0,0,500
21573,1,1,1,1,0,0,0,0,500
21574,1,1,0,1,0,0,0,0,500
21575,1,1,1,1,0,1,0,0,489
21576,0,1,1,1,1,0,1,0,500
21577,1,1,1,1,0,1,0,0,500
21578,1,1,1,1,1,0,0,0,500
21579,1,1,0,0,0,0,0,0,500
21580,1,1,0,0,1,0,0,0,500
21581,1,1,1,1,0,1,0,0,500
21582,1,1,0,0,0,1,0,0,500
21583,1,1,0,0,0,0,0,1,500
21584,1,1,0,0,0,1,0,0,500
21585,1,1,0,0,1,0,1,0,500
21586,1,1,1,1,0,1,1,0,500
21587,1,1,0,0,1,0,1,0,500
21588,1,1,1,0,0,0,0,0,500
21589,1,1,0,0,1,0,1,0,500
21590,1,1,0,0,0,0,0,0,500
21591,1,1,0,0,0,0,1,0,500
21592,1,1,0,1,0,1,0,0,500
21593,1,0,0,0,0,1,0,0,277
21594,1,1,0,0,1,0,0,0,500
21595,1,1,0,0,0,1,0,0,500
21596,0,1,0,0,1,0,0,0,500
21597,1,1,0,0,0,1,0,0,500
21598,1,1,1,1,0,0,1,0,500
21599,1,1,1,1,0,1,0,0,442
21600,0,0,0,0,1,0,0,1,500
21601,1,1,0,0,0,0,1,0,500
21602,1,1,0,1,0,1,1,0,495
21603,0,1,0,0,1,0,1,0,500
21604,1,1,0,0,1,0,1,0,95
21605,1,1,0,0,1,0,0,0,500
21606,1,1,0,0,1,0,1,0,500
21607,1,1,1,1,0,1,0,0,500
21608,1,1,0,0,0,0,0,0,500
21609,0,1,1,1,1,0,1,0,500
21610,1,1,1,1,0,1,0,0,500
21611,1,1,1,1,1,0,0,0,500
21612,1,1,0,1,0,1,0,0,330
21613,1,1,1,1,0,1,0,0,500
21614,0,1,0,0,1,0,1,0,500
21615,1,1,0,0,0,0,1,0,500
21616,0,1,1,1,1,0,1,0,500
21617,1,1,1,1,0,1,0,0,500
21618,1,1,1,1,0,1,0,0,500
21619,0,0,1,1,1,0,0,0,500
21620,1,1,0,0,0,1,0,0,500
21621,1,1,0,0,0,1,0,0,500
21622,1,1,1,1,1,0,1,0,371
21623,1,1,0,0,1,0,1,0,95
21624,1,1,0,0,0,1,0,0,500
21625,1,1,1,0,0,1,0,0,500
21626,0,1,0,0,1,0,1,0,500
21627,1,1,0,0,0,1,0,0,500
21628,1,1,0,0,1,0,0,0,500
21629,1,1,0,0,0,1,1,0,500
21630,0,1,0,0,1,0,0,0,500
21631,1,1,1,1,0,1,1,0,500
21632,1,1,0,1,0,1,1,0,500
21633,1,1,0,0,0,1,0,0,500
21634,1,1,1,1,1,0,1,0,500
21635,0,1,1,1,1,0,1,0,500
21636,0,1,1,1,1,0,0,0,500
21637,1,1,1,1,0,1,0,0,500
21638,1,1,0,0,0,1,0,0,500
21639,1,1,1,1,0,1,0,0,500
21640,1,1,1,1,0,1,0,0,500
21641,0,0,0,0,1,0,0,0,500
21642,1,1,0,0,1,0,0,0,500
21643,1,0,0,0,0,0,0,0,236
21644,1,1,0,0,0,0,0,0,500
21645,1,1,1,1,1,0,1,0,285
21646,0,1,0,1,1,0,1,0,500
21647,1,1,1,1,0,1,0,0,379
21648,1,1,0,1,0,1,0,0,500
21649,1,1,1,1,0,1,0,0,500
21650,0,1,0,1,1,0,0,0,500
21651,1,1,1,1,0,1,0,0,442
21652,1,1,1,1,0,1,0,0,500
21653,1,1,0,0,0,0,0,0,500
21654,1,1,1,1,0,0,0,0,500
21655,1,1,0,0,1,0,0,0,500
21656,1,1,0,0,0,1,0,0,500
21657,0,1,0,0,1,0,0,0,500
21658,1,1,1,1,0,0,1,0,500
21659,1,1,0,0,1,0,0,0,500
21660,1,1,0,1,0,1,0,0,500
21661,0,1,1,1,1,0,1,0,500
21662,0,0,0,0,1,0,0,1,500
21663,1,1,0,0,0,0,0,0,500
21664,0,0,0,0,1,0,0,0,500
21665,1,1,0,0,0,0,1,0,500
21666,1,0,1,1,1,0,0,0,500
21667,0,1,0,0,1,0,0,0,500
21668,1,1,0,0,1,0,1,0,500
21669,1,1,0,0,0,0,1,0,500
21670,1,1,0,0,1,0,1,0,500
21671,1,1,0,0,0,0,0,0,500
21672,0,1,0,0,1,0,1,0,500
21673,1,1,0,0,1,0,0,0,500
21674,1,1,0,0,0,0,1,0,500
21675,1,1,0,0,0,0,1,0,500
21676,1,1,0,1,0,1,0,0,500
21677,1,1,0,1,0,1,1,0,500
21678,1,1,0,0,0,0,0,0,500
21679,1,1,0,0,0,0,0,0,500
21680,1,1,1,1,0,1,0,0,500
21681,1,1,1,1,0,1,0,0,500
21682,1,1,1,1,0,0,0,0,500
21683,1,1,1,1,0,1,0,0,500
21684,1,1,0,0,0,1,0,0,500
21685,1,1,1,0,0,0,0,0,500
21686,1,1,1,1,0,0,1,0,500
21687,1,1,1,0,0,0,1,0,500
21688,1,1,1,1,0,1,0,0,500
21689,1,1,1,1,0,1,0,0,500
21690,1,0,1,0,0,1,0,0,301
21691,1,1,1,0,1,0,0,1,500
21692,1,0,1,1,0,1,0,0,500
21693,0,0,0,0,1,0,1,0,500
21694,1,1,0,0,0,0,0,0,500
21695,1,1,1,1,1,0,0,0,500
21696,1,1,1,0,0,1,0,0,500
21697,1,0,0,1,1,0,0,0,500
21698,1,1,1,1,0,1,0,0,500
21699,1,1,1,0,0,0,0,0,500
21700,0,1,1,0,1,0,0,0,500
21701,1,1,0,0,1,0,1,0,500
21702,1,1,0,0,0,0,0,0,500
21703,1,1,1,1,0,0,1,0,500
21704,1,1,1,1,1,0,0,0,500
21705,0,1,0,0,1,0,0,0,500
21706,1,1,0,0,1,0,0,0,500
21707,1,1,1,1,0,0,0,0,500
21708,1,1,0,0,0,1,0,0,500
21709,1,1,0,0,0,0,1,0,500
21710,1,1,0,0,0,0,0,0,500
21711,1,1,1,1,0,0,0,0,500
21712,1,1,0,0,1,0,0,0,500
21713,1,1,1,1,0,1,0,0,500
21714,1,0,1,0,1,0,0,0,500
21715,1,1,1,1,0,1,0,0,500
21716,1,0,0,0,1,0,0,0,500
21717,1,1,0,0,0,0,0,0,500
21718,1,1,1,0,1,0,0,0,500
21719,1,1,1,1,0,1,0,0,500
21720,0,0,0,0,1,0,0,0,412
21721,1,1,0,1,0,1,0,0,500
21722,1,1,1,1,0,1,0,0,500
21723,0,1,0,0,1,0,1,0,500
21724,1,1,0,1,0,0,0,0,500
21725,1,1,0,0,0,0,0,0,500
21726,1,1,1,1,0,1,0,0,500
21727,1,1,0,0,1,0,0,0,500
21728,1,1,0,0,0,1,1,0,500
21729,1,1,1,1,0,0,0,0,500
21730,1,1,0,0,0,1,0,0,500
21731,1,1,0,0,1,0,0,0,500
21732,0,0,0,0,1,0,1,0,500
21733,1,1,1,0,0,0,0,1,500
21734,1,1,1,1,0,0,0,0,500
21735,1,1,1,0,0,1,0,0,500
21736,1,1,0,0,0,0,1,0,500
21737,1,1,0,0,0,1,0,0,500
21738,1,1,0,0,1,0,0,0,500
21739,1,1,1,1,0,1,1,0,500
21740,1,1,0,0,0,1,0,0,500
21741,1,1,1,1,1,0,0,1,500
21742,1,1,0,0,0,0,1,0,500
21743,1,1,0,1,0,1,0,0,500
21744,1,1,1,1,0,1,0,0,500
21745,1,1,1,1,0,0,1,0,500
21746,1,1,0,0,0,1,0,0,500
21747,0,0,0,1,1,0,0,0,500
21748,1,1,1,1,0,0,0,0,500
21749,1,1,1,1,0,0,1,0,500
21750,1,0,0,0,1,0,0,0,500
21751,0,0,0,0,1,0,0,0,500
21752,1,1,0,0,1,0,1,0,500
21753,1,1,1,1,0,1,0,0,500
21754,1,1,1,1,1,0,1,0,500
21755,1,1,1,1,0,0,0,0,500
21756,1,1,0,0,0,1,0,0,500
21757,1,1,1,1,0,0,0,0,500
21758,1,1,0,0,0,1,0,0,500
21759,1,1,1,1,0,0,0,0,500
21760,1,1,1,1,0,0,0,0,500
21761,1,1,1,1,0,0,0,0,500
21762,1,1,0,0,1,0,0,0,500
21763,1,1,1,0,0,0,0,0,500
21764,1,1,0,1,0,0,0,0,500
21765,1,1,0,0,0,0,0,0,500
21766,1,1,0,0,0,1,0,0,500
21767,1,1,1,1,0,0,0,0,500
21768,1,1,0,0,0,1,0,0,318
21769,0,1,0,0,1,0,0,0,500
21770,1,1,0,0,0,0,0,0,500
21771,1,1,0,0,0,1,0,0,500
21772,1,1,0,0,0,0,1,0,500
21773,1,1,0,0,1,0,1,0,500
21774,1,0,1,1,1,0,0,0,500
21775,1,1,0,0,0,1,0,0,500
21776,0,1,1,0,1,0,1,0,500
21777,1,1,1,1,0,1,1,0,500
21778,0,1,1,1,1,0,1,0,500
21779,1,1,0,0,1,0,0,0,500
21780,1,1,1,0,0,0,0,0,500
21781,0,1,0,0,1,0,1,0,500
21782,1,1,0,0,0,1,0,0,500
21783,1,1,0,0,0,0,1,0,500
21784,1,1,0,0,0,0,1,0,500
21785,1,1,0,0,0,1,0,0,80
21786,1,1,0,0,0,1,0,0,500
21787,1,1,0,0,0,1,0,0,500
21788,1,1,1,1,0,0,0,0,500
21789,1,1,1,1,0,0,1,0,500
21790,1,1,1,1,0,0,0,0,500
21791,1,1,0,0,0,0,0,0,500
21792,1,0,1,0,0,1,0,0,500
21793,1,0,0,1,0,1,0,0,500
21794,1,1,0,0,0,1,0,0,500
21795,1,1,0,0,1,0,0,0,500
21796,1,1,0,0,1,0,0,0,500
21797,1,0,1,0,1,0,0,0,500
21798,1,1,0,1,0,1,0,0,500
21799,1,1,1,1,0,0,1,0,500
21800,1,1,0,0,0,1,0,0,500
21801,1,1,1,1,1,0,0,0,500
21802,1,1,1,1,0,0,0,0,500
21803,0,1,1,0,1,0,1,0,500
21804,0,1,0,0,1,0,1,0,500
21805,1,1,1,0,0,0,0,0,500
21806,1,1,0,0,1,1,1,0,500
21807,0,1,0,0,1,0,1,0,500
21808,0,0,1,0,1,0,0,1,500
21809,1,1,1,1,0,1,1,0,500
21810,0,1,0,0,1,0,0,1,500
21811,1,0,0,1,0,0,0,0,500
21812,1,1,0,1,0,1,0,0,500
21813,1,1,0,0,0,1,0,0,500
21814,0,1,1,1,1,0,1,0,500
21815,0,0,1,1,1,0,0,1,500
21816,0,1,0,0,1,0,1,0,500
21817,1,1,1,1,0,0,1,0,500
21818,1,1,0,0,0,1,1,0,500
21819,1,1,1,1,0,0,1,0,500
21820,0,0,0,0,1,0,1,0,500
21821,1,0,0,0,1,0,0,1,500
21822,1,1,0,0,0,0,1,0,500
21823,1,0,0,0,1,0,0,0,500
21824,1,1,1,1,1,0,0,0,500
21825,1,0,0,1,0,0,0,0,500
21826,1,1,0,0,0,0,1,0,500
21827,1,1,0,1,0,1,0,0,500
21828,1,1,0,0,1,0,1,0,500
21829,0,1,1,1,1,0,1,0,500
21830,1,1,0,0,1,0,1,0,500
21831,1,1,0,0,1,0,0,0,500
21832,1,1,1,1,0,1,0,0,500
21833,1,1,1,1,0,1,0,0,500
21834,0,0,1,1,1,0,0,0,500
21835,1,0,0,0,1,0,0,0,500
21836,1,0,0,0,0,0,0,0,500
21837,1,1,0,0,0,0,0,0,500
21838,1,1,1,1,0,0,1,0,500
21839,1,1,1,1,0,1,0,0,500
21840,1,1,1,1,0,1,0,0,500
21841,1,0,1,1,1,0,0,1,500
21842,1,1,0,0,0,0,0,0,500
21843,1,1,1,1,0,0,0,0,500
21844,1,0,1,1,1,0,0,0,500
21845,1,1,0,1,0,1,0,0,500
21846,1,1,1,1,0,0,0,0,500
21847,0,1,0,0,1,0,1,0,500
21848,1,1,0,0,0,0,0,0,500
21849,1,0,1,1,0,0,0,0,500
21850,1,1,0,0,0,1,0,0,500
21851,1,1,0,0,0,1,0,0,500
21852,1,1,0,0,0,0,0,0,500
21853,1,1,0,0,1,0,0,1,500
21854,1,1,0,0,0,0,0,0,500
21855,1,1,0,0,0,0,0,0,500
21856,1,1,0,1,0,1,1,0,500
21857,0,1,0,0,1,0,0,0,500
21858,0,1,0,0,1,0,0,0,357
21859,1,1,0,0,0,1,0,0,500
21860,1,1,0,0,0,0,0,0,500
21861,1,1,1,1,0,1,1,0,500
21862,1,1,1,0,1,0,0,0,500
21863,1,1,1,0,1,0,0,0,500
21864,0,1,0,0,1,0,0,0,500
21865,1,0,0,1,1,0,0,0,500
21866,1,1,0,0,0,0,0,0,500
21867,1,1,1,1,0,0,1,0,500
21868,0,1,0,0,1,0,0,0,500
21869,1,1,0,0,1,0,0,1,500
21870,1,1,0,0,1,0,0,0,500
21871,1,1,1,1,0,0,0,0,500
21872,1,1,0,0,1,0,0,0,500
21873,1,1,1,0,0,1,0,0,500
21874,1,1,0,0,0,0,1,0,500
21875,1,1,1,1,0,1,0,0,500
21876,1,1,0,0,0,1,0,0,500
21877,1,1,1,0,0,0,0,0,500
21878,1,1,0,0,0,0,0,0,500
21879,1,1,0,0,0,0,0,0,500
21880,1,1,1,1,0,0,0,0,500
21881,1,1,1,1,0,1,1,0,500
21882,1,1,1,1,0,1,0,0,500
21883,1,0,1,1,0,0,0,0,500
21884,1,0,1,1,1,0,0,0,500
21885,1,1,1,1,0,1,0,0,500
21886,1,1,1,1,0,1,0,0,500
21887,0,1,0,0,1,0,1,0,500
21888,1,1,0,0,0,1,0,0,500
21889,1,1,0,0,0,0,1,0,500
21890,1,1,1,1,1,0,0,0,500
21891,1,1,0,1,0,1,0,0,500
21892,1,1,0,0,0,0,0,0,500
21893,1,1,1,1,0,1,0,0,500
21894,1,1,0,0,0,1,0,0,500
21895,1,1,0,0,0,1,0,0,500
21896,1,1,1,1,0,1,1,0,500
21897,1,1,0,0,0,0,0,0,500
21898,1,1,1,1,1,0,1,0,459
21899,1,0,1,1,0,1,0,0,426
21900,1,1,0,0,0,1,0,0,500
21901,1,1,1,1,0,0,0,0,500
21902,1,1,1,1,0,0,0,0,500
21903,1,0,0,1,1,0,0,0,500
21904,1,1,1,0,0,1,0,0,500
21905,1,1,1,1,0,0,0,0,500
21906,0,0,0,0,1,0,0,0,500
21907,0,0,0,0,1,0,0,0,500
21908,1,1,1,1,0,0,0,0,500
21909,1,1,0,1,0,1,0,0,500
21910,1,1,0,1,0,0,0,0,500
21911,1,1,1,0,0,0,0,0,500
21912,1,1,1,1,0,0,0,1,500
21913,1,1,0,0,0,1,0,0,500
21914,1,1,1,1,0,1,0,0,500
21915,1,1,1,1,1,0,0,0,500
21916,1,1,0,0,0,1,0,0,500
21917,1,1,1,1,0,1,1,0,500
21918,0,1,1,1,1,0,1,0,500
21919,1,1,0,0,1,0,1,0,500
21920,1,1,0,0,0,1,0,0,500
21921,1,1,0,1,1,0,1,0,500
21922,1,1,0,0,0,0,0,0,500
21923,0,1,0,0,1,0,1,0,500
21924,1,1,1,1,0,0,0,0,500
21925,1,1,0,0,0,0,1,0,500
21926,1,1,0,0,0,1,1,0,500
21927,1,1,0,0,0,1,0,0,500
21928,1,1,0,0,0,1,0,0,500
21929,1,1,1,1,0,1,0,0,500
21930,1,0,0,0,1,0,0,0,500
21931,1,1,1,1,1,0,1,0,500
21932,1,1,0,0,1,0,1,0,500
21933,1,1,0,0,1,0,0,1,500
21934,1,1,1,1,0,0,1,0,500
21935,1,0,0,1,0,0,0,0,274
21936,1,1,0,1,0,1,0,0,500
21937,1,1,1,1,0,1,0,0,500
21938,1,1,1,0,0,1,0,0,241
21939,0,1,0,0,1,0,0,0,500
21940,1,1,1,1,0,1,0,0,500
21941,1,1,1,1,0,0,1,0,500
21942,0,1,0,0,1,0,1,0,500
21943,1,1,1,0,0,0,0,0,495
21944,0,1,0,1,1,0,0,0,500
21945,1,1,1,1,0,1,0,0,500
21946,1,0,0,0,1,0,0,0,500
21947,1,1,1,0,0,0,0,0,500
21948,1,1,1,1,0,1,1,0,500
21949,1,0,1,1,0,1,0,0,500
21950,1,1,1,1,1,0,1,0,500
21951,1,1,0,0,0,0,0,0,500
21952,1,1,1,1,0,0,0,0,500
21953,1,1,0,1,0,0,0,0,500
21954,1,1,0,0,1,0,1,0,500
21955,1,1,1,1,0,0,0,0,500
21956,1,1,1,1,0,1,1,0,500
21957,1,1,1,1,1,0,1,0,500
21958,1,1,0,1,1,0,0,0,500
21959,1,1,1,1,0,0,1,0,500
21960,1,1,1,0,1,0,0,0,500
21961,1,1,0,0,0,0,0,0,500
21962,1,1,1,1,0,1,0,0,500
21963,1,1,1,0,0,1,0,0,500
21964,1,1,0,0,1,0,0,0,500
21965,1,0,1,1,1,0,0,0,500
21966,1,1,1,1,0,0,0,0,500
21967,0,1,0,0,1,0,1,0,500
21968,1,1,1,1,0,0,1,0,500
21969,1,1,0,1,1,0,1,0,500
21970,1,0,0,0,1,0,0,0,500
21971,1,1,0,0,1,0,0,0,500
21972,1,1,1,1,0,1,0,0,500
21973,1,1,1,1,0,1,0,0,500
21974,0,1,0,0,1,0,1,0,500
21975,0,1,0,0,1,0,0,0,500
21976,1,1,0,0,1,0,0,0,500
21977,1,1,0,0,0,1,1,0,500
21978,1,1,0,1,0,1,0,0,500
21979,1,1,1,1,0,1,1,0,500
21980,1,1,0,0,0,1,0,0,500
21981,0,1,0,0,1,0,0,0,500
21982,1,1,0,0,0,1,0,0,500
21983,1,1,0,0,0,0,0,0,500
21984,1,1,0,1,0,1,0,0,500
21985,1,1,0,0,0,1,0,0,500
21986,1,1,1,1,0,1,1,0,500
21987,1,1,1,1,0,1,0,0,500
21988,1,1,0,0,0,0,0,0,500
21989,1,1,1,1,0,1,1,0,500
21990,0,1,1,0,1,0,1,0,500
21991,1,1,0,0,0,0,0,0,500
21992,1,1,1,0,1,0,0,0,500
21993,1,1,0,0,0,1,0,0,500
21994,1,1,0,0,1,0,0,0,500
21995,1,0,1,1,1,0,0,0,500
21996,1,1,0,1,0,1,0,0,500
21997,1,0,0,1,1,0,0,1,500
21998,1,1,0,0,0,0,0,0,500
21999,1,0,1,1,0,1,0,0,500
22000,1,1,1,1,0,1,1,0,500
22001,1,1,0,0,0,0,0,0,500
22002,1,1,0,0,0,1,1,0,500
22003,1,1,0,0,0,1,0,0,500
22004,0,1,1,1,1,0,0,0,500
22005,0,1,1,1,1,1,0,0,500
22006,1,1,0,0,0,1,0,0,500
22007,1,1,0,0,0,0,0,0,500
22008,1,1,0,0,0,0,0,0,500
22009,1,1,0,0,1,0,0,0,500
22010,1,1,0,0,1,0,0,0,500
22011,1,1,0,0,1,0,0,0,500
22012,1,1,0,0,0,1,0,0,500
22013,1,1,1,1,0,1,1,0,500
22014,0,0,0,0,1,0,1,0,500
22015,1,1,0,0,1,0,0,0,500
22016,1,1,0,0,0,1,0,0,500
22017,1,0,1,1,0,1,0,0,101
22018,1,1,1,1,0,1,0,0,500
22019,1,1,0,0,1,0,0,0,500
22020,1,0,0,0,0,1,0,0,500
22021,1,1,0,1,0,0,1,0,500
22022,1,0,0,0,1,0,0,0,500
22023,1,1,0,0,0,0,0,0,500
22024,1,0,1,1,1,0,0,0,500
22025,1,1,1,1,0,1,0,0,500
22026,1,1,0,0,0,1,0,0,500
22027,1,1,1,1,0,0,0,0,500
22028,1,1,1,1,0,1,1,0,500
22029,1,1,0,0,0,0,0,0,500
22030,1,1,1,1,0,1,0,0,500
22031,1,1,1,1,0,1,0,0,500
22032,1,1,1,1,1,0,0,0,500
22033,1,1,1,0,0,0,1,0,500
22034,1,1,0,0,0,1,0,0,500
22035,1,0,1,0,1,0,0,0,500
22036,1,1,0,0,0,0,0,0,500
22037,0,1,0,0,1,0,1,0,500
22038,1,1,0,0,0,0,0,0,500
22039,1,1,0,0,0,0,1,0,500
22040,1,1,1,1,0,1,1,0,500
22041,1,1,0,0,0,0,1,0,500
22042,1,1,0,0,0,0,0,0,500
22043,1,1,1,0,1,0,0,0,500
22044,1,1,0,0,0,0,0,0,500
22045,1,1,0,1,0,1,0,0,500
22046,1,1,1,1,0,1,0,0,500
22047,0,1,1,1,1,0,1,0,500
22048,1,1,1,1,0,1,0,0,500
22049,1,1,1,1,0,1,0,0,500
22050,1,1,1,1,0,0,1,0,500
22051,1,1,1,1,1,0,1,0,500
22052,1,1,0,0,0,0,0,0,500
22053,1,1,1,1,0,1,0,0,500
22054,1,1,1,1,0,1,0,0,500
22055,1,1,1,1,0,1,0,0,500
22056,1,1,0,0,0,1,0,0,500
22057,1,0,0,1,1,0,0,0,500
22058,1,1,1,1,0,0,0,0,347
22059,0,1,0,0,1,0,0,0,500
22060,0,1,0,0,1,0,1,0,500
22061,1,1,1,1,1,0,1,0,500
22062,1,1,0,0,1,0,0,0,500
22063,1,1,0,0,0,0,0,0,500
22064,1,1,1,1,0,0,0,0,500
22065,0,1,0,0,1,0,1,0,500
22066,0,1,1,1,1,0,1,0,500
22067,1,1,0,0,0,0,0,0,500
22068,1,1,0,0,0,0,0,0,500
22069,1,1,1,1,0,0,0,0,500
22070,1,1,0,0,1,0,1,0,500
22071,0,1,0,0,1,0,1,0,500
22072,1,1,1,1,1,0,0,0,500
22073,0,1,1,1,1,0,0,0,500
22074,1,1,1,1,0,1,0,0,500
22075,1,1,0,0,0,0,0,0,500
22076,1,1,1,1,0,1,0,0,500
22077,1,1,0,0,0,0,1,0,500
22078,1,1,0,1,0,0,0,0,500
22079,1,1,0,1,1,0,1,0,500
22080,1,1,0,0,0,1,0,0,500
22081,1,1,1,1,0,0,0,1,500
22082,1,1,0,0,1,0,0,0,500
22083,1,1,0,1,0,1,0,0,500
22084,1,1,1,0,1,0,0,0,500
22085,1,1,1,1,0,1,0,0,500
22086,1,1,1,0,1,0,0,0,500
22087,1,1,1,1,1,0,1,0,500
22088,1,1,1,1,0,1,0,0,500
22089,1,1,1,0,0,1,0,0,500
22090,1,1,0,0,1,0,1,0,500
22091,1,1,1,1,0,1,0,0,500
22092,1,1,1,0,0,0,1,0,500
22093,0,0,1,1,1,0,0,0,500
22094,0,1,0,0,1,0,1,0,500
22095,1,1,0,0,0,0,1,0,500
22096,1,0,1,0,1,0,0,0,500
22097,1,1,0,1,1,0,0,0,500
22098,0,1,0,0,1,0,0,0,500
22099,1,1,0,0,1,0,0,0,500
22100,1,1,0,0,0,0,1,0,500
22101,1,1,1,1,0,1,1,0,500
22102,1,0,0,0,0,0,0,0,500
22103,1,1,1,1,0,0,0,0,500
22104,1,1,1,1,0,1,0,0,500
22105,1,1,1,1,1,0,1,0,107
22106,1,1,1,1,0,1,0,0,426
22107,1,1,1,1,0,0,0,0,500
22108,1,1,1,1,0,1,0,0,500
22109,0,1,1,1,1,0,1,0,500
22110,0,1,1,0,1,0,0,0,500
22111,1,1,0,1,0,0,0,0,500
22112,0,1,0,0,1,0,0,0,500
22113,1,1,0,0,0,1,0,0,500
22114,0,1,0,0,1,0,1,0,500
22115,1,1,0,0,0,1,0,0,500
22116,1,1,1,1,0,1,0,0,500
22117,1,1,1,0,1,0,0,0,500
22118,1,1,1,0,0,1,0,0,500
22119,1,1,0,0,0,1,0,0,500
22120,1,1,0,0,0,1,0,0,500
22121,0,1,0,0,1,0,0,0,500
22122,1,1,0,0,1,0,0,0,500
22123,0,1,0,0,1,0,1,0,500
22124,1,1,1,1,0,0,1,0,500
22125,1,1,0,0,0,0,1,0,500
22126,0,1,0,0,1,0,1,0,500
22127,1,1,1,0,0,0,1,0,500
22128,1,1,1,1,0,0,0,0,500
22129,1,0,1,1,0,1,0,0,500
22130,1,1,0,0,0,0,0,0,500
22131,1,1,1,1,1,0,1,0,500
22132,1,1,0,0,0,1,1,0,500
22133,1,1,1,0,0,0,0,0,500
22134,1,1,0,0,1,0,1,0,500
22135,1,1,0,0,1,0,0,0,500
22136,1,1,1,1,0,1,0,0,500
22137,1,1,0,0,0,1,0,0,500
22138,0,0,0,1,1,0,1,0,500
22139,0,1,1,1,1,0,0,0,500
22140,1,1,0,0,0,0,0,0,500
22141,1,1,0,1,0,1,0,0,500
22142,1,1,0,0,0,1,0,0,500
22143,0,1,0,0,1,0,1,0,500
22144,1,1,1,1,0,0,0,0,500
22145,0,1,0,0,1,0,1,0,500
22146,1,1,1,0,0,0,0,0,500
22147,1,1,1,1,0,0,0,0,500
22148,1,1,1,1,0,0,0,0,500
22149,0,0,0,0,1,0,0,0,500
22150,1,1,1,1,0,1,0,0,500
22151,1,1,0,0,1,0,0,0,500
22152,1,1,0,0,1,0,1,0,500
22153,1,1,1,1,0,0,1,0,500
22154,1,1,1,0,0,1,0,0,500
22155,0,0,0,0,1,0,1,0,500
22156,0,0,0,0,1,0,0,0,500
22157,0,0,0,0,1,0,1,1,500
22158,1,1,1,1,0,1,0,0,500
22159,1,0,1,1,1,0,0,0,500
22160,1,1,1,1,0,1,0,0,500
22161,1,1,0,1,0,0,0,0,500
22162,1,1,1,1,0,1,0,0,482
22163,1,1,1,1,0,1,0,0,500
22164,1,1,1,1,0,0,1,0,500
22165,1,0,0,0,0,1,0,0,500
22166,1,1,1,0,0,0,0,0,500
22167,1,1,1,0,1,0,0,0,500
22168,1,1,0,0,0,1,0,0,500
22169,1,0,1,1,1,0,0,0,500
22170,1,1,0,0,0,1,0,0,500
22171,1,1,0,0,0,0,0,0,500
22172,1,1,1,1,1,0,1,0,500
22173,1,1,0,0,1,0,0,0,500
22174,1,1,1,0,1,0,0,0,500
22175,1,1,1,1,0,1,0,0,500
22176,1,1,0,0,0,1,0,0,500
22177,1,1,0,0,0,0,1,0,500
22178,1,1,0,0,0,1,0,0,500
22179,1,1,1,1,0,1,0,0,500
22180,1,1,0,0,0,1,0,0,500
22181,1,1,1,0,0,0,0,0,500
22182,1,1,0,0,0,0,0,0,500
22183,1,1,1,1,1,0,1,0,500
22184,1,1,0,0,0,0,0,0,500
22185,1,1,0,0,0,0,0,0,500
22186,0,1,0,0,1,0,1,0,0
22187,1,1,1,1,0,1,0,0,500
22188,0,1,0,0,1,0,0,0,500
22189,1,1,0,1,0,0,0,0,500
22190,1,1,0,0,0,0,0,0,500
22191,1,1,0,0,0,1,0,0,500
22192,1,1,0,0,1,0,0,0,500
22193,0,1,0,0,1,0,1,0,500
22194,1,1,0,0,0,1,0,0,500
22195,1,1,1,1,0,1,0,0,38
22196,1,1,0,0,0,1,0,0,500
22197,1,0,1,1,0,1,0,0,500
22198,1,1,0,0,0,0,0,0,500
22199,1,1,0,0,0,1,0,0,500
22200,1,1,1,1,0,1,0,0,500
22201,1,1,1,1,0,1,0,0,500
22202,0,1,0,0,1,0,1,0,500
22203,1,0,1,1,0,0,0,0,500
22204,1,1,0,1,0,1,0,0,500
22205,1,1,1,0,0,1,0,0,500
22206,0,1,1,1,1,0,1,0,49
22207,0,1,0,0,1,0,1,0,500
22208,1,1,0,0,0,0,0,0,500
22209,1,1,1,1,0,1,0,0,500
22210,1,1,0,0,0,1,0,0,500
22211,1,1,0,0,0,1,1,0,500
22212,0,1,0,0,1,0,1,0,500
22213,1,1,0,0,0,0,0,0,500
22214,1,1,1,1,0,1,0,0,330
22215,1,1,0,0,1,0,1,0,500
22216,1,1,0,0,0,1,0,0,500
22217,1,1,0,0,0,0,1,0,500
22218,1,0,1,1,1,0,0,0,500
22219,1,1,0,0,0,0,0,0,500
22220,1,1,0,1,0,1,0,0,500
22221,1,1,1,1,0,1,0,0,500
22222,0,0,0,0,1,0,0,0,500
22223,1,1,0,0,0,1,0,0,500
22224,1,1,1,1,0,0,0,0,500
22225,1,1,0,0,0,0,1,0,500
22226,1,1,1,1,1,0,1,0,285
22227,1,1,0,0,0,0,0,0,500
22228,1,1,1,1,1,0,0,0,500
22229,1,1,1,0,0,0,0,0,500
22230,1,1,0,0,0,0,0,0,500
22231,1,0,1,1,1,0,0,0,500
22232,1,0,1,0,1,0,0,0,500
22233,1,0,1,1,1,0,0,0,500
22234,1,1,1,1,0,1,0,0,500
22235,1,1,1,1,0,1,0,0,500
22236,1,1,1,1,0,1,0,0,500
22237,0,1,0,0,1,0,1,0,470
22238,0,1,1,1,1,0,0,0,500
22239,1,1,1,1,0,1,0,0,500
22240,1,1,1,1,0,1,0,0,500
22241,1,1,0,0,1,0,0,0,500
22242,1,1,0,0,0,0,0,0,500
22243,1,1,1,1,0,0,1,0,500
22244,0,1,0,0,1,0,0,0,36
22245,1,1,0,1,0,0,0,0,500
22246,1,1,0,0,0,0,0,0,500
22247,1,1,0,0,0,1,0,0,500
22248,1,1,0,0,0,1,0,0,500
22249,1,1,1,1,0,0,1,0,500
22250,1,1,1,1,0,0,0,0,500
22251,1,1,1,1,1,0,1,0,371
22252,1,1,1,0,0,1,0,0,500
22253,1,1,0,0,0,1,1,0,500
22254,1,1,0,0,1,0,0,0,500
22255,1,1,0,0,0,0,1,0,500
22256,1,1,1,0,0,0,1,0,500
22257,1,1,1,1,0,1,0,0,500
22258,1,1,0,0,0,0,0,0,500
22259,1,1,0,0,1,0,1,0,500
22260,0,1,1,1,1,0,1,0,500
22261,1,1,1,1,0,1,1,0,500
22262,1,1,1,1,0,1,0,0,500
22263,1,1,0,1,0,1,0,0,123
22264,1,1,0,0,0,0,1,0,500
22265,1,1,1,1,0,0,1,0,500
22266,1,1,0,1,0,0,0,0,500
22267,1,1,0,0,0,0,0,0,500
22268,1,1,1,1,0,0,1,0,500
22269,1,1,1,1,0,1,0,0,500
22270,1,1,1,0,0,0,0,0,500
22271,1,1,0,0,0,1,0,0,500
22272,1,1,0,0,0,1,0,0,500
22273,1,1,0,0,0,1,0,0,500
22274,1,1,1,0,1,0,0,0,500
22275,1,1,1,1,0,0,0,0,500
22276,0,0,1,0,1,0,0,0,500
22277,1,1,1,1,0,1,0,0,500
22278,1,0,1,1,0,1,0,0,500
22279,1,1,1,1,1,0,0,0,500
22280,1,0,1,1,0,0,0,0,500
22281,1,1,1,1,0,1,0,0,500
22282,1,1,0,1,0,0,1,0,500
22283,1,1,0,0,0,1,0,0,500
22284,1,1,0,0,0,1,0,0,500
22285,1,1,1,1,0,0,1,0,500
22286,1,1,0,0,1,0,0,0,500
22287,1,1,0,0,0,1,0,0,500
22288,1,1,0,0,1,0,1,0,500
22289,1,1,0,1,0,1,0,0,500
22290,1,1,1,1,0,0,0,0,500
22291,1,1,0,0,0,1,0,0,500
22292,1,1,0,0,1,0,0,0,500
22293,1,1,1,1,0,1,0,0,500
22294,1,1,1,1,0,1,0,0,500
22295,1,0,1,1,1,0,0,0,306
22296,1,1,1,1,1,0,1,0,500
22297,0,1,0,0,1,0,0,0,500
22298,1,1,1,1,0,1,0,0,500
22299,1,1,0,0,0,0,0,0,500
22300,0,1,0,1,1,0,1,0,500
22301,1,1,0,1,0,0,0,0,500
22302,1,1,0,0,0,0,0,0,500
22303,1,1,0,0,0,0,1,0,500
22304,1,0,0,0,1,0,0,0,500
22305,1,1,1,1,0,1,0,0,160
22306,1,1,1,0,0,0,1,0,500
22307,1,1,0,0,1,0,1,0,500
22308,1,1,1,1,0,0,0,0,500
22309,1,1,1,1,1,0,1,0,500
22310,1,1,1,1,0,1,0,0,500
22311,1,0,1,1,0,1,0,0,500
22312,1,0,1,1,1,0,0,0,500
22313,1,1,1,1,1,0,1,0,168
22314,1,1,1,1,1,0,1,0,500
22315,1,1,0,0,0,0,0,0,500
22316,1,1,1,1,0,1,0,0,500
22317,1,1,1,1,1,0,0,0,500
22318,1,1,1,1,0,1,0,0,500
22319,0,1,0,0,1,0,1,0,500
22320,1,1,0,0,0,1,0,0,500
22321,1,1,0,0,0,0,0,0,500
22322,1,1,0,0,1,0,1,0,500
22323,1,1,1,1,0,0,0,0,500
22324,1,1,1,1,0,1,0,0,500
22325,1,1,0,0,0,0,0,0,500
22326,1,1,0,1,0,1,0,0,500
22327,0,0,0,0,1,0,0,0,500
22328,1,1,0,1,0,1,0,0,500
22329,0,1,0,0,1,0,1,0,320
22330,1,1,0,0,0,0,0,0,500
22331,1,1,1,0,0,0,0,0,500
22332,1,1,1,1,0,0,0,0,500
22333,1,1,1,1,1,0,0,1,500
22334,0,0,1,1,1,0,0,1,500
22335,1,1,0,1,0,1,0,0,500
22336,1,1,0,0,1,0,0,0,500
22337,1,1,0,0,1,0,1,0,500
22338,1,1,0,1,0,0,1,0,500
22339,1,0,0,0,1,0,0,0,500
22340,1,0,1,1,0,1,0,0,500
22341,1,1,0,0,0,0,0,0,500
22342,1,1,0,0,0,0,1,0,500
22343,0,1,0,0,1,0,1,0,500
22344,1,0,0,1,1,0,0,0,500
22345,1,1,0,0,0,0,0,0,500
22346,0,1,0,1,1,0,1,0,500
22347,1,1,1,1,0,1,0,0,500
22348,1,1,0,0,0,1,0,0,500
22349,1,1,1,1,1,0,1,0,500
22350,1,1,1,1,0,1,1,0,500
22351,1,0,0,1,1,0,0,0,500
22352,1,1,1,1,0,0,0,0,500
22353,1,1,0,1,0,0,0,0,500
22354,1,1,1,0,1,0,0,1,500
22355,1,1,0,1,1,0,1,0,500
22356,1,1,0,0,0,1,0,0,500
22357,1,1,1,1,0,1,0,0,442
22358,1,1,0,0,0,0,0,0,500
22359,1,0,0,0,1,0,0,1,500
22360,0,1,0,0,1,0,1,0,500
22361,1,1,1,1,0,0,0,0,500
22362,1,0,0,1,0,1,0,0,274
22363,1,1,0,0,0,1,0,0,500
22364,0,1,1,1,1,0,1,0,500
22365,1,1,0,0,1,0,0,0,500
22366,1,1,0,0,0,0,1,0,500
22367,1,1,1,1,0,1,1,0,500
22368,1,1,0,1,0,0,0,0,500
22369,1,1,1,0,0,1,0,0,500
22370,1,1,0,0,1,0,0,0,500
22371,0,1,0,0,1,0,0,0,500
22372,0,1,0,0,1,0,1,0,500
22373,1,1,0,1,0,1,0,0,500
22374,1,0,1,1,0,0,0,0,500
22375,1,1,1,1,0,1,0,0,500
22376,0,1,0,0,1,0,1,0,500
22377,1,1,0,0,0,0,1,0,500
22378,1,1,0,0,0,0,1,0,500
22379,1,1,1,0,0,0,0,0,500
22380,1,1,0,0,0,1,0,0,500
22381,1,1,1,1,0,1,1,0,500
22382,1,1,0,0,0,1,0,0,500
22383,1,1,1,0,0,0,0,0,500
22384,1,1,0,0,0,0,1,0,500
22385,1,1,1,0,1,0,0,0,500
22386,1,1,1,1,0,0,1,0,500
22387,0,1,0,0,1,0,0,0,500
22388,1,1,1,0,0,0,0,0,500
22389,1,1,0,0,1,0,0,0,500
22390,1,1,1,1,0,1,0,0,500
22391,1,1,0,0,0,1,0,0,500
22392,1,1,0,0,1,0,1,0,500
22393,1,1,1,1,1,0,0,0,500
22394,1,1,0,0,0,1,0,0,500
22395,1,0,1,0,1,0,0,1,500
22396,1,1,0,0,0,0,0,0,500
22397,1,1,0,0,0,0,0,0,500
22398,0,0,0,1,1,0,0,0,500
22399,0,0,0,0,1,0,0,0,500
22400,0,0,0,0,1,0,0,0,500
22401,1,1,0,0,0,0,0,0,500
22402,0,1,1,0,1,0,0,0,500
22403,1,1,1,1,1,0,1,0,500
22404,1,0,0,1,1,0,0,0,500
22405,1,1,1,1,0,0,0,0,500
22406,1,1,0,0,0,1,0,0,500
22407,1,1,1,0,0,0,0,0,500
22408,1,0,1,0,1,0,0,0,500
22409,1,0,0,1,0,1,0,0,500
22410,1,1,0,0,0,1,0,0,500
22411,1,1,1,1,0,1,1,0,500
22412,1,1,0,1,0,1,0,0,500
22413,1,1,0,0,0,0,1,0,500
22414,0,0,0,1,1,0,0,0,500
22415,1,1,0,1,0,1,0,0,500
22416,1,1,1,1,0,1,0,0,500
22417,0,1,0,0,1,0,0,0,500
22418,1,1,1,1,0,1,0,0,500
22419,1,0,1,1,0,1,0,0,500
22420,1,1,0,0,0,1,0,0,500
22421,1,1,0,0,0,1,0,0,500
22422,1,1,1,1,0,0,0,0,500
22423,1,0,1,1,0,0,0,0,101
22424,1,0,0,0,1,0,0,0,500
22425,1,1,0,0,1,0,1,0,500
22426,0,1,1,1,1,0,1,0,500
22427,1,1,0,0,1,0,1,0,500
22428,0,1,1,1,1,0,1,0,500
22429,1,1,0,0,0,0,0,0,500
22430,1,0,1,1,0,1,0,0,500
22431,1,1,1,1,0,1,0,0,500
22432,1,1,0,0,0,1,0,0,500
22433,1,0,1,0,1,0,0,0,500
22434,1,1,0,0,0,1,0,0,500
22435,1,1,0,0,1,0,0,0,500
22436,1,1,1,1,0,0,1,0,500
22437,1,1,1,1,0,0,0,0,500
22438,1,1,1,1,0,1,0,0,500
22439,1,1,1,1,0,1,1,0,500
22440,1,0,0,0,1,0,1,0,500
22441,1,1,0,0,0,0,0,0,500
22442,1,1,1,1,0,0,0,0,500
22443,1,1,0,1,0,1,0,0,500
22444,1,1,0,1,0,1,1,0,500
22445,1,1,1,0,1,0,0,0,500
22446,1,1,0,0,0,1,0,0,500
22447,1,1,0,1,1,0,0,0,500
22448,1,0,0,1,1,0,0,0,500
22449,1,1,0,1,0,0,0,0,500
22450,1,1,0,0,0,0,0,0,500
22451,1,0,0,0,1,0,0,0,205
22452,1,1,0,0,0,0,0,0,500
22453,1,1,0,1,0,0,0,0,500
22454,0,1,0,0,1,0,1,0,500
22455,1,1,1,1,0,1,1,0,500
22456,1,1,0,1,0,0,1,0,500
22457,1,1,0,0,0,0,0,0,500
22458,1,1,0,0,1,0,1,0,500
22459,1,1,0,1,0,1,1,0,500
22460,1,0,0,0,0,1,0,0,500
22461,1,0,1,1,0,1,0,0,500
22462,1,0,0,0,1,0,0,0,500
22463,1,1,1,1,0,1,1,0,500
22464,1,1,0,0,1,0,0,0,500
22465,1,1,0,0,0,0,0,0,500
22466,1,1,0,0,0,1,0,0,281
22467,0,1,0,0,1,0,1,0,500
22468,1,1,0,0,0,0,0,0,500
22469,1,1,0,0,1,0,1,0,500
22470,1,0,0,0,1,0,0,0,500
22471,0,1,0,0,1,0,0,0,500
22472,0,0,0,0,1,0,1,0,500
22473,1,1,1,1,0,0,1,0,500
22474,1,1,1,1,0,1,0,0,500
22475,1,1,0,0,0,0,1,0,500
22476,1,1,0,0,0,0,0,0,500
22477,1,1,1,1,0,1,0,0,500
22478,1,0,1,0,1,0,0,0,500
22479,1,1,1,1,0,1,0,0,500
22480,1,1,1,1,0,0,0,0,500
22481,1,1,1,1,0,1,1,0,500
22482,1,1,1,1,0,1,1,0,500
22483,1,1,0,0,0,1,0,0,500
22484,0,1,0,0,1,0,1,0,77
22485,1,1,0,0,0,1,0,1,500
22486,1,1,0,0,0,1,0,0,500
22487,1,1,0,0,1,0,1,0,500
22488,0,1,0,0,1,0,0,0,500
22489,0,1,0,0,1,0,0,0,500
22490,1,1,1,1,0,0,1,0,500
22491,1,1,1,1,0,1,0,0,500
22492,1,1,0,0,0,1,0,0,500
22493,1,1,1,1,0,0,1,0,500
22494,1,1,0,0,0,0,0,0,500
22495,1,1,0,1,0,0,1,0,500
22496,1,1,1,1,1,0,1,0,500
22497,1,1,0,0,1,0,1,0,500
22498,1,1,0,0,0,1,0,0,500
22499,1,1,1,0,1,0,0,0,500
22500,0,0,0,0,1,0,0,0,500
22501,1,1,0,0,0,0,0,0,500
22502,1,1,1,1,0,1,0,0,500
22503,1,1,0,0,0,0,0,0,500
22504,1,1,0,0,1,0,1,0,500
22505,1,0,1,0,0,1,0,0,277
22506,1,1,0,1,1,0,1,0,500
22507,1,1,1,1,1,0,1,0,500
22508,1,1,0,0,0,0,1,0,500
22509,1,1,1,0,0,1,0,0,500
22510,1,1,1,1,1,0,1,0,500
22511,1,0,0,0,1,0,0,0,500
22512,1,1,0,1,0,0,0,0,500
22513,1,1,0,0,0,1,1,0,500
22514,1,1,1,1,0,1,0,0,500
22515,1,1,1,1,1,0,0,0,500
22516,1,0,1,0,1,0,0,0,500
22517,1,1,1,1,1,0,0,0,500
22518,1,1,1,1,1,0,1,0,500
22519,1,1,0,0,0,0,0,0,500
22520,1,1,0,0,0,1,0,0,249
22521,1,1,1,1,0,0,1,0,397
22522,1,1,0,0,0,0,0,0,500
22523,1,1,1,1,0,0,0,1,500
22524,1,1,0,0,0,0,0,0,500
22525,1,1,0,0,0,0,0,0,500
22526,1,1,1,1,0,0,0,0,500
22527,1,1,0,0,0,1,0,0,500
22528,1,1,1,1,0,1,0,0,500
22529,1,1,0,0,0,0,1,0,500
22530,1,1,0,0,1,0,0,0,500
22531,1,1,0,0,0,1,0,0,41
22532,1,1,1,1,0,1,0,0,500
22533,0,0,1,0,1,0,1,0,500
22534,1,1,1,1,1,0,1,0,500
22535,1,1,1,0,0,0,0,0,500
22536,1,1,0,0,1,0,1,0,500
22537,1,1,1,1,0,0,0,0,500
22538,0,1,0,0,1,0,1,0,500
22539,1,0,1,0,1,0,0,0,500
22540,1,0,1,1,1,0,1,0,500
22541,1,1,1,1,0,0,0,0,500
22542,1,1,1,1,0,1,0,0,500
22543,0,1,0,0,1,0,1,0,500
22544,1,1,1,1,0,1,0,0,500
22545,1,1,0,0,1,0,0,0,500
22546,0,1,0,0,1,0,0,1,500
22547,1,0,1,1,1,0,0,0,500
22548,1,1,0,0,0,1,0,0,500
22549,1,1,0,1,0,0,0,0,500
22550,1,1,1,1,0,0,0,0,500
22551,1,0,0,0,1,0,0,0,500
22552,1,1,0,0,1,0,0,0,500
22553,0,1,0,0,1,0,1,0,500
22554,1,1,0,1,0,1,0,0,500
22555,1,1,1,1,0,1,1,0,500
22556,1,0,0,1,0,1,0,0,500
22557,1,1,0,0,0,0,0,0,500
22558,1,0,1,0,1,0,0,1,500
22559,0,0,1,1,1,0,0,0,500
22560,1,0,0,1,1,0,0,0,500
22561,1,1,1,1,0,1,0,0,500
22562,1,1,1,0,0,1,0,0,500
22563,1,1,1,1,0,0,0,0,500
22564,1,1,1,0,0,0,0,0,500
22565,1,1,1,1,0,1,0,0,500
22566,0,1,1,1,1,0,0,0,500
22567,1,1,1,0,0,0,0,0,500
22568,1,1,0,0,0,1,0,0,500
22569,0,0,1,1,1,0,0,0,500
22570,1,1,1,0,0,0,1,0,500
22571,1,0,1,1,1,0,0,0,500
22572,1,0,0,0,1,0,0,0,500
22573,1,1,1,1,0,1,0,0,500
22574,1,1,1,1,0,1,0,0,500
22575,1,1,0,0,0,0,1,0,500
22576,1,1,0,0,0,1,0,0,500
22577,1,1,1,1,0,1,1,0,14
22578,0,0,0,0,1,0,0,0,500
22579,1,1,0,0,0,0,0,0,500
22580,0,0,1,1,1,0,0,0,500
22581,1,1,1,1,0,0,0,0,500
22582,1,1,1,1,0,0,0,0,500
22583,1,1,0,0,0,0,1,0,500
22584,1,0,1,1,0,1,0,0,500
22585,1,1,1,1,0,1,0,0,500
22586,1,1,1,1,0,0,0,0,500
22587,1,1,0,1,0,1,0,0,500
22588,1,1,1,0,0,0,1,0,500
22589,1,1,0,1,0,1,0,0,500
22590,1,1,0,0,0,1,0,0,500
22591,1,1,1,1,0,1,0,0,500
22592,1,0,1,0,0,0,0,0,500
22593,1,1,0,0,0,1,0,0,500
22594,1,1,1,1,0,1,0,0,500
22595,1,1,1,1,0,1,0,0,500
22596,1,1,0,0,1,0,0,0,500
22597,1,1,0,0,0,1,0,0,500
22598,1,1,0,0,0,0,0,0,500
22599,1,1,1,1,0,1,0,0,500
22600,1,1,1,1,0,0,1,0,500
22601,1,1,0,0,0,1,0,0,500
22602,1,1,0,0,0,1,0,0,500
22603,1,1,1,0,1,0,0,0,500
22604,1,0,0,0,1,0,0,0,500
22605,1,1,1,1,0,1,0,0,500
22606,1,1,0,0,0,0,0,0,500
22607,1,1,1,1,0,1,0,0,500
22608,0,0,0,0,1,0,1,0,500
22609,1,1,0,0,0,0,0,0,500
22610,1,1,1,1,0,0,0,0,500
22611,1,1,0,0,0,1,0,0,500
22612,1,0,1,1,1,0,0,0,500
22613,1,1,1,0,0,0,1,0,500
22614,1,0,0,1,1,0,0,0,36
22615,1,1,1,1,0,0,1,0,500
22616,1,1,0,0,1,0,1,0,500
22617,1,1,0,0,0,0,0,0,500
22618,1,1,0,0,1,0,0,0,500
22619,1,1,0,1,0,1,1,0,500
22620,1,1,1,0,0,0,0,0,500
22621,1,1,0,0,1,0,0,0,500
22622,1,1,0,0,0,0,0,0,500
22623,1,0,1,1,0,1,0,0,500
22624,1,1,0,0,0,0,0,0,500
22625,0,1,0,0,1,0,1,0,500
22626,0,1,0,1,1,0,1,0,285
22627,1,1,1,1,0,1,0,0,500
22628,1,0,0,0,1,0,0,0,500
22629,1,1,1,1,0,1,1,0,439
22630,1,1,0,0,0,0,0,0,500
22631,1,1,0,0,0,1,0,0,500
22632,1,1,1,1,0,1,0,0,500
22633,1,1,1,1,0,0,0,0,500
22634,0,0,0,0,1,0,0,0,500
22635,1,1,0,0,1,0,0,0,500
22636,1,1,1,1,0,0,0,0,500
22637,1,1,1,1,1,0,1,0,500
22638,1,1,1,1,0,1,1,0,500
22639,1,0,1,1,0,0,0,0,500
22640,1,1,1,1,0,1,0,0,500
22641,1,1,1,1,0,0,0,0,500
22642,1,1,0,0,1,0,0,0,500
22643,0,1,0,0,1,0,0,0,500
22644,1,1,0,0,0,1,1,0,500
22645,1,1,0,0,1,0,0,0,500
22646,1,0,1,1,1,0,1,0,500
22647,0,1,0,0,1,0,0,0,500
22648,1,1,1,0,0,0,0,0,500
22649,0,0,0,0,1,0,0,1,500
22650,0,1,0,0,1,0,0,0,500
22651,0,0,0,0,1,0,0,1,500
22652,1,1,0,0,0,0,0,0,500
22653,0,1,0,0,1,0,0,0,500
22654,1,1,1,0,1,0,0,0,500
22655,1,1,1,0,0,0,1,0,500
22656,1,1,0,0,1,0,0,0,500
22657,1,1,1,0,0,0,0,1,500
22658,1,1,1,1,0,1,0,0,500
22659,1,1,1,1,0,1,0,0,500
22660,0,1,1,1,1,0,0,0,500
22661,1,1,0,0,1,0,1,0,500
22662,1,1,0,0,0,1,0,0,500
22663,1,1,0,0,0,1,0,0,500
22664,1,1,0,0,0,1,0,0,500
22665,1,1,0,0,0,1,0,0,500
22666,1,1,1,0,0,1,0,0,500
22667,1,1,1,1,1,0,1,0,500
22668,1,1,1,1,0,0,1,0,500
22669,0,1,1,1,1,0,1,0,500
22670,1,0,0,0,1,0,0,0,500
22671,0,1,0,0,1,0,1,0,500
22672,1,1,0,0,1,0,0,0,500
22673,1,1,1,1,0,1,1,0,500
22674,1,0,0,0,1,0,0,0,500
22675,1,0,0,0,1,0,0,0,500
22676,0,1,0,0,1,0,1,0,333
22677,1,1,0,0,0,0,1,0,500
22678,1,1,0,0,0,1,0,0,500
22679,1,1,0,1,0,0,0,0,500
22680,1,1,0,0,0,1,1,0,500
22681,1,1,0,0,1,0,1,0,500
22682,1,1,1,1,0,1,0,0,500
22683,1,1,0,0,0,0,0,0,500
22684,1,1,1,1,0,1,0,0,500
22685,0,1,0,0,1,0,1,0,500
22686,1,1,0,1,0,0,0,0,500
22687,0,1,0,0,1,0,0,1,500
22688,1,1,0,1,0,1,0,0,500
22689,1,1,1,1,1,0,1,0,500
22690,1,0,1,1,1,0,0,0,500
22691,1,1,1,1,0,0,1,0,500
22692,1,1,1,1,0,1,0,0,500
22693,1,1,0,0,0,1,0,0,500
22694,1,1,0,0,0,0,0,0,500
22695,1,1,0,0,0,0,0,0,500
22696,1,1,1,0,1,0,0,0,500
22697,1,1,0,0,0,0,1,0,500
22698,1,1,0,0,0,0,1,0,500
22699,1,0,0,0,1,0,0,0,500
22700,1,1,1,1,0,1,0,0,500
22701,1,1,1,1,0,1,0,0,500
22702,1,1,0,0,0,0,1,0,500
22703,1,1,0,0,1,0,0,0,500
22704,1,1,0,0,1,0,0,0,500
22705,1,1,0,0,0,0,0,0,500
22706,1,0,1,1,0,1,0,0,500
22707,1,1,0,1,0,0,0,1,500
22708,1,1,0,1,0,0,0,0,500
22709,1,1,0,0,1,0,0,0,500
22710,1,0,1,0,1,0,0,0,500
22711,1,1,0,0,1,0,1,0,500
22712,1,0,0,1,0,1,0,0,500
22713,1,1,1,1,0,0,1,0,500
22714,1,1,0,0,0,0,0,0,500
22715,1,1,1,1,0,1,0,0,500
22716,1,1,1,1,1,0,0,0,500
22717,1,1,1,1,1,0,1,0,500
22718,1,1,1,1,0,0,0,0,500
22719,1,1,0,0,0,1,0,0,500
22720,1,1,1,1,0,0,0,0,500
22721,1,1,0,0,0,0,0,0,500
22722,1,1,0,0,0,1,1,0,500
22723,1,0,0,0,1,0,0,0,500
22724,1,1,0,0,1,0,1,0,95
22725,1,1,0,0,0,1,0,0,500
22726,1,1,1,1,0,0,0,0,500
22727,1,1,0,0,0,1,0,0,500
22728,1,1,1,1,0,0,1,0,500
22729,1,1,0,0,1,0,0,0,500
22730,1,1,1,1,1,0,0,0,500
22731,0,1,0,0,1,0,1,0,500
22732,1,1,1,1,0,0,0,0,500
22733,1,1,1,1,0,0,0,0,500
22734,1,0,0,0,1,0,1,0,500
22735,1,1,1,1,0,1,1,0,500
22736,1,1,0,1,0,1,0,0,500
22737,0,1,0,0,1,0,1,0,500
22738,1,1,0,0,0,1,0,0,388
22739,1,1,0,0,0,0,1,0,500
22740,1,1,1,1,0,0,0,0,500
22741,1,1,1,1,1,0,1,0,500
22742,1,1,1,1,0,1,0,0,500
22743,1,1,0,1,1,0,1,0,500
22744,1,1,1,1,0,1,0,0,500
22745,1,1,0,1,0,1,0,0,500
22746,1,1,0,0,0,0,0,0,500
22747,1,0,0,0,0,1,0,0,500
22748,0,1,0,0,1,0,0,0,500
22749,0,1,0,0,1,0,1,0,500
22750,1,1,0,0,0,0,1,0,500
22751,1,1,1,1,0,1,0,0,500
22752,1,0,1,1,1,0,0,0,500
22753,1,1,0,0,0,1,1,0,500
22754,1,1,1,1,0,0,0,0,500
22755,1,1,1,1,1,0,0,1,500
22756,1,1,0,0,0,0,0,0,500
22757,1,1,0,0,0,0,1,0,500
22758,1,1,0,0,1,0,0,0,500
22759,1,1,1,1,0,1,0,0,500
22760,1,1,0,0,0,0,0,0,500
22761,1,1,0,0,0,0,0,0,500
22762,1,1,1,1,0,1,1,0,500
22763,1,0,1,1,0,1,0,0,500
22764,1,1,0,0,1,0,0,0,500
22765,1,1,0,0,1,0,0,0,500
22766,1,1,0,0,0,1,0,0,500
22767,1,1,0,1,0,1,0,0,500
22768,1,1,0,0,0,0,0,0,500
22769,1,1,1,1,0,1,0,0,500
22770,0,0,0,0,1,0,1,0,500
22771,0,1,1,1,1,0,0,0,500
22772,0,1,1,1,1,0,1,0,500
22773,1,1,0,1,0,1,0,0,500
22774,1,1,1,1,0,1,0,0,500
22775,1,1,0,1,0,0,1,0,500
22776,1,1,0,0,0,1,1,0,500
22777,1,1,1,1,0,0,0,0,85
22778,1,1,1,1,0,0,0,0,500
22779,1,1,0,0,0,0,0,0,500
22780,1,1,0,0,0,1,0,0,500
22781,1,1,1,1,0,1,1,0,500
22782,1,1,0,0,0,0,1,0,500
22783,0,1,0,0,1,0,1,0,500
22784,1,1,1,0,1,0,0,0,500
22785,1,1,1,1,0,0,1,0,500
22786,1,0,1,1,1,0,0,1,500
22787,1,1,0,0,1,0,0,0,500
22788,1,1,1,1,0,0,0,0,500
22789,1,1,1,1,0,0,0,0,500
22790,1,1,1,1,0,0,0,0,500
22791,1,0,0,1,0,1,0,0,500
22792,1,1,0,1,0,0,1,0,500
22793,1,1,0,0,0,1,0,0,500
22794,1,1,0,0,0,0,0,0,500
22795,1,0,1,0,0,0,0,0,500
22796,1,1,1,1,0,0,1,0,500
22797,1,1,0,0,0,1,0,0,500
22798,1,1,0,0,0,0,0,0,500
22799,1,1,0,0,0,1,0,0,500
22800,1,1,1,1,0,0,0,0,500
22801,1,1,1,1,0,0,0,0,500
22802,1,1,0,0,0,0,0,0,500
22803,1,1,0,0,0,0,0,0,388
22804,0,1,1,0,1,0,0,0,500
22805,1,1,1,0,1,0,0,0,500
22806,1,1,1,1,1,0,1,0,500
22807,1,1,1,1,0,1,1,0,353
22808,1,1,0,0,0,1,0,0,500
22809,1,1,0,0,1,0,0,0,500
22810,1,1,1,1,0,1,0,0,500
22811,1,1,1,1,0,0,0,0,500
22812,1,1,0,0,0,0,0,0,500
22813,1,1,0,0,0,0,0,0,500
22814,1,1,1,1,0,1,0,0,500
22815,1,1,0,1,1,0,0,1,500
22816,1,1,0,0,0,0,0,0,500
22817,1,1,0,1,0,0,1,0,500
22818,1,0,1,1,1,0,1,0,500
22819,0,1,0,0,1,0,1,0,500
22820,0,1,1,1,1,0,0,0,500
22821,1,1,0,0,1,0,0,0,363
22822,1,1,1,0,0,0,0,0,500
22823,1,1,0,0,1,0,0,0,500
22824,1,1,0,1,0,1,0,0,500
22825,1,1,1,1,0,1,0,0,500
22826,0,1,1,1,1,0,1,0,500
22827,0,1,0,0,1,0,1,0,244
22828,0,0,0,0,1,0,0,0,500
22829,1,0,1,0,1,0,0,0,500
22830,1,0,0,0,1,0,0,0,500
22831,1,1,1,1,0,0,1,0,500
22832,1,1,0,0,0,0,0,0,500
22833,1,1,0,0,0,0,0,0,500
22834,1,1,0,0,0,0,0,0,500
22835,1,0,1,1,0,1,0,0,500
22836,1,1,1,1,0,1,0,0,500
22837,0,1,0,0,1,0,1,0,500
22838,0,0,0,0,1,0,0,1,500
22839,1,1,0,0,0,1,0,0,500
22840,1,1,0,0,0,1,0,0,500
22841,1,1,0,0,1,0,1,0,500
22842,1,1,1,0,0,1,0,0,500
22843,1,1,1,1,1,0,0,0,500
22844,1,1,1,1,0,0,0,0,500
22845,1,1,0,0,0,0,0,0,500
22846,1,1,0,0,0,1,1,0,500
22847,1,1,0,0,1,0,0,0,500
22848,1,1,0,0,0,0,0,0,500
22849,0,1,1,1,1,0,1,0,500
22850,1,1,1,1,0,1,1,0,500
22851,1,1,1,1,0,1,1,0,500
22852,1,1,0,0,1,0,1,0,500
22853,1,1,0,0,0,1,0,0,500
22854,1,1,0,0,0,0,1,0,500
22855,1,1,0,0,0,0,0,0,500
22856,0,0,0,0,1,0,0,1,500
22857,0,1,0,0,1,0,0,0,283
22858,0,0,0,0,1,0,0,1,183
22859,1,1,1,1,0,1,0,0,500
22860,1,0,0,0,1,0,0,0,500
22861,1,1,0,0,0,0,0,0,500
22862,0,1,0,0,1,0,0,1,500
22863,1,1,0,0,0,1,0,0,500
22864,1,1,1,1,0,1,0,0,500
22865,1,1,1,1,1,0,1,0,500
22866,1,1,0,1,0,0,1,0,500
22867,1,1,1,0,0,0,0,0,500
22868,1,1,1,1,0,1,0,0,500
22869,1,1,0,0,0,1,0,0,500
22870,0,1,0,0,1,0,0,0,500
22871,1,1,0,1,0,0,0,0,500
22872,0,1,1,1,1,0,0,0,500
22873,1,1,1,0,0,1,0,0,500
22874,1,1,1,1,0,1,0,0,500
22875,1,1,0,0,1,0,0,0,500
22876,1,1,1,1,1,0,1,0,500
22877,1,1,1,1,0,1,0,0,500
22878,1,1,0,0,0,1,1,0,500
22879,1,0,0,0,1,0,0,0,500
22880,1,1,1,1,0,1,0,0,500
22881,1,1,1,1,0,1,0,0,500
22882,1,1,1,1,0,1,0,0,500
22883,1,1,0,1,0,0,0,0,500
22884,1,1,1,1,0,0,1,0,500
22885,1,1,1,1,0,1,0,0,500
22886,1,1,0,0,0,1,0,0,500
22887,1,1,0,0,0,1,0,0,500
22888,1,1,0,0,1,0,0,0,500
22889,1,0,1,1,1,0,1,0,500
22890,1,0,1,1,0,1,0,0,500
22891,0,1,0,0,1,0,1,0,500
22892,1,1,1,1,0,0,1,0,500
22893,1,1,1,1,0,0,1,0,500
22894,1,0,0,0,1,0,1,0,395
22895,1,0,1,1,0,0,0,0,500
22896,0,1,0,1,1,0,0,0,500
22897,1,1,1,0,1,0,0,0,500
22898,1,0,1,1,1,0,0,0,500
22899,1,1,1,1,0,1,0,0,500
22900,1,0,0,0,1,0,0,0,500
22901,1,1,1,1,0,1,0,0,500
22902,1,1,0,0,0,0,0,0,500
22903,1,1,1,1,1,0,1,0,500
22904,1,1,1,1,0,1,1,0,500
22905,1,1,0,0,0,0,0,0,500
22906,1,1,1,1,0,0,0,0,500
22907,1,0,0,0,1,0,0,0,500
22908,1,1,0,0,1,0,0,0,500
22909,1,1,0,0,0,1,0,0,500
22910,1,1,0,0,0,0,1,0,500
22911,1,1,0,0,1,0,1,0,500
22912,1,1,0,0,0,1,0,0,500
22913,1,1,0,0,0,0,1,0,500
22914,1,0,1,1,1,0,0,0,500
22915,1,1,1,1,0,1,0,0,500
22916,1,1,1,1,0,0,0,0,500
22917,1,1,0,0,0,1,0,0,500
22918,1,1,0,0,0,0,0,0,500
22919,1,1,0,0,0,1,0,0,500
22920,1,1,1,1,0,0,0,0,500
22921,1,1,0,0,1,0,0,0,500
22922,1,1,1,1,0,0,1,0,500
22923,1,1,1,1,0,1,0,0,500
22924,1,0,0,1,1,0,0,0,500
22925,1,1,0,0,0,1,1,0,500
22926,1,0,1,1,0,1,0,0,372
22927,1,1,1,1,0,1,1,0,500
22928,0,0,1,0,1,0,0,0,500
22929,1,1,0,0,0,1,0,0,500
22930,0,1,0,1,1,0,1,0,500
22931,1,0,1,1,0,1,0,0,500
22932,1,1,1,1,0,1,0,0,500
22933,1,1,1,1,0,1,0,0,500
22934,1,1,0,0,1,0,1,0,500
22935,1,1,0,0,0,1,0,0,500
22936,1,1,1,1,1,0,0,0,500
22937,1,0,1,1,0,0,0,0,274
22938,1,1,0,0,1,0,0,0,500
22939,1,1,0,0,1,0,0,0,500
22940,0,1,1,1,1,0,1,0,500
22941,1,1,1,1,1,0,1,0,500
22942,1,1,0,0,0,1,0,0,500
22943,1,1,0,0,0,1,0,0,249
22944,1,1,0,0,0,1,0,0,500
22945,1,1,1,1,1,0,1,0,500
22946,1,0,0,0,1,0,0,0,500
22947,1,1,0,0,0,0,0,0,500
22948,0,1,0,0,1,0,0,0,500
22949,1,1,1,1,1,0,1,0,500
22950,0,1,1,1,1,0,0,0,500
22951,1,0,0,1,1,1,0,0,500
22952,1,1,1,0,0,0,1,0,500
22953,1,1,1,1,0,1,0,0,500
22954,1,1,0,0,1,0,1,0,500
22955,1,1,1,1,0,0,0,0,500
22956,1,1,0,1,0,1,1,0,500
22957,0,1,0,0,1,0,1,0,500
22958,1,1,0,1,0,1,0,0,500
22959,1,1,0,0,0,0,1,0,500
22960,1,1,0,1,0,0,0,0,500
22961,1,1,1,1,0,0,0,0,500
22962,1,1,0,0,0,1,0,0,500
22963,1,0,1,1,1,0,0,0,500
22964,1,1,1,1,0,0,1,0,500
22965,1,1,1,1,0,1,0,0,500
22966,0,1,0,0,1,0,0,0,500
22967,1,1,1,1,0,1,0,0,500
22968,1,1,0,0,0,1,0,0,500
22969,1,0,0,0,1,0,0,0,500
22970,0,1,1,1,1,0,1,0,500
22971,1,1,0,0,0,0,0,0,500
22972,1,1,0,0,0,0,1,0,500
22973,1,1,1,1,0,0,0,0,500
22974,1,1,1,1,0,1,0,0,500
22975,1,1,0,0,1,0,0,1,500
22976,1,1,1,1,0,1,0,0,500
22977,1,1,0,0,0,0,0,0,500
22978,1,1,0,1,0,0,1,0,456
22979,1,1,0,1,0,1,0,0,500
22980,1,0,1,1,1,0,0,0,500
22981,0,1,1,1,1,0,0,1,500
22982,1,1,1,1,0,1,0,0,500
22983,1,1,0,0,0,1,0,0,500
22984,1,1,0,0,1,0,0,0,500
22985,1,1,0,0,0,0,1,0,500
22986,1,1,1,1,0,0,0,0,500
22987,1,1,1,1,0,0,0,0,500
22988,1,1,0,1,0,1,0,0,500
22989,1,1,0,1,0,0,0,0,500
22990,1,1,0,1,0,1,0,0,500
22991,1,1,0,0,0,1,0,0,500
22992,1,1,0,0,0,0,0,0,500
22993,1,1,0,0,1,0,0,0,500
22994,1,0,1,1,0,1,0,0,500
22995,1,1,0,1,1,0,0,0,500
22996,1,1,0,0,0,0,0,0,500
22997,1,0,1,1,0,1,0,0,500
22998,1,1,0,0,0,0,1,0,500
22999,1,1,0,0,0,0,0,0,500
23000,1,1,0,0,0,0,1,0,500
23001,1,1,0,1,0,0,1,0,500
23002,1,1,0,0,0,1,0,0,500
23003,1,1,0,0,1,0,0,0,500
23004,1,1,0,0,0,1,1,0,500
23005,1,1,0,0,1,0,1,0,500
23006,0,1,0,0,1,0,0,0,500
23007,1,1,0,0,0,0,0,0,500
23008,1,1,1,0,0,0,1,0,500
23009,1,1,1,1,0,0,0,0,500
23010,1,1,1,1,0,1,0,0,500
23011,1,0,1,1,0,0,0,0,500
23012,0,1,0,0,1,0,0,0,500
23013,1,1,0,0,1,0,1,0,500
23014,1,1,0,0,1,1,0,0,500
23015,1,1,1,1,1,0,1,0,53
23016,1,1,1,1,0,1,0,0,500
23017,0,1,1,1,1,0,0,0,500
23018,0,0,0,0,1,0,1,0,500
23019,1,1,0,1,0,0,0,0,500
23020,1,1,1,1,0,0,0,0,500
23021,0,1,0,0,1,0,1,0,500
23022,1,1,0,0,0,0,1,0,500
23023,1,1,0,1,0,0,1,0,500
23024,1,1,0,0,0,1,0,0,500
23025,1,1,0,0,0,0,0,0,500
23026,1,1,0,0,0,0,0,0,500
23027,1,1,0,1,0,0,0,0,500
23028,1,1,1,0,0,0,0,0,500
23029,1,1,0,0,0,1,0,0,500
23030,1,1,1,1,0,1,0,0,500
23031,1,1,0,0,0,0,0,0,500
23032,1,0,1,0,1,0,0,0,500
23033,1,1,1,1,0,1,0,0,500
23034,1,1,0,0,1,0,1,0,500
23035,0,1,0,0,1,0,0,1,500
23036,1,1,0,0,1,0,0,0,500
23037,0,1,0,0,1,0,0,0,500
23038,0,1,0,0,1,0,1,0,500
23039,1,1,0,0,0,0,1,0,500
23040,0,1,1,1,1,0,1,0,500
23041,1,1,0,0,0,1,0,0,500
23042,0,1,1,0,1,0,0,0,500
23043,1,1,1,0,0,1,0,0,500
23044,1,1,1,0,1,0,0,0,500
23045,1,1,0,0,0,0,0,0,500
23046,1,1,0,1,0,1,1,0,500
23047,1,1,1,1,0,1,1,0,500
23048,1,1,0,0,1,0,1,0,500
23049,1,1,0,0,0,1,0,0,500
23050,0,1,1,1,1,0,1,0,500
23051,1,1,1,1,0,1,0,0,500
23052,1,1,0,1,1,0,1,0,168
23053,1,1,1,0,0,0,0,0,500
23054,1,1,1,0,0,0,1,0,500
23055,1,1,0,0,1,0,1,0,500
23056,1,1,0,1,0,0,0,0,500
23057,1,1,1,0,0,0,0,0,500
23058,1,1,0,0,0,0,0,0,500
23059,1,1,0,0,0,1,0,0,134
23060,0,1,0,0,1,0,0,1,500
23061,0,1,0,0,1,0,1,0,244
23062,1,1,1,1,1,0,0,1,500
23063,1,1,1,1,0,1,0,0,500
23064,1,1,0,0,0,0,1,0,500
23065,1,1,0,1,0,1,0,0,500
23066,1,1,0,0,0,1,1,0,500
23067,1,1,1,1,0,1,1,0,500
23068,0,1,0,0,1,0,1,0,500
23069,1,1,0,0,0,0,0,0,500
23070,1,1,1,0,1,0,0,0,500
23071,0,1,1,0,1,0,0,0,500
23072,1,1,1,1,0,1,1,0,500
23073,1,1,0,0,0,1,0,0,500
23074,1,1,1,1,0,0,1,0,500
23075,1,1,0,0,0,1,0,0,500
23076,1,1,1,1,0,1,0,0,500
23077,1,1,0,1,0,1,0,0,500
23078,1,1,0,0,1,0,0,0,500
23079,1,1,0,0,1,0,0,0,500
23080,1,1,1,1,0,0,0,0,500
23081,1,1,0,0,0,1,0,0,500
23082,1,1,0,0,1,0,0,0,500
23083,1,1,1,0,0,1,0,0,500
23084,1,1,0,0,1,0,0,0,500
23085,1,1,1,1,0,1,0,0,500
23086,1,1,0,0,0,1,0,0,500
23087,1,1,1,1,0,1,0,0,500
23088,1,1,1,1,0,0,0,0,500
23089,1,1,0,0,0,0,0,0,500
23090,1,1,1,1,1,0,1,0,500
23091,1,1,0,1,0,1,1,0,500
23092,1,1,0,0,0,0,1,0,500
23093,1,1,1,1,0,1,0,0,500
23094,0,1,0,1,1,0,0,0,500
23095,1,1,0,1,1,0,1,0,500
23096,1,1,0,0,1,0,0,0,500
23097,1,1,0,1,0,1,0,0,500
23098,1,1,1,1,0,1,0,0,500
23099,1,1,1,1,0,1,0,0,500
23100,1,1,0,0,0,0,1,0,388
23101,1,1,0,0,0,1,0,0,500
23102,1,1,1,1,0,0,0,0,500
23103,1,1,0,0,0,1,1,0,500
23104,1,1,0,0,0,1,0,0,500
23105,1,0,0,0,1,0,1,0,500
23106,1,1,0,0,0,0,1,0,500
23107,0,1,1,1,1,0,1,0,500
23108,1,1,1,1,1,0,1,0,500
23109,1,1,1,1,0,0,0,0,500
23110,1,1,0,0,0,0,0,0,500
23111,1,1,0,0,0,1,0,1,500
23112,1,1,0,1,0,1,0,0,500
23113,0,1,0,0,1,0,1,0,500
23114,1,1,1,1,0,0,1,0,500
23115,1,1,0,0,1,0,0,0,500
23116,1,1,0,1,0,1,1,0,500
23117,1,1,1,1,0,1,0,0,500
23118,1,1,0,0,1,0,0,0,206
23119,1,1,0,0,0,1,0,0,500
23120,1,1,1,1,0,1,1,0,500
23121,1,1,1,1,1,0,1,0,500
23122,1,1,1,1,0,1,0,0,500
23123,1,1,1,1,0,0,0,0,500
23124,1,1,1,1,0,1,0,0,500
23125,1,1,0,0,0,1,0,0,500
23126,1,1,1,1,1,0,1,0,500
23127,1,1,1,1,0,1,0,0,500
23128,1,1,0,1,0,1,1,0,500
23129,1,1,0,0,1,0,0,0,500
23130,1,1,1,1,0,0,0,0,500
23131,1,1,1,1,0,0,0,0,500
23132,1,1,0,0,0,0,1,0,500
23133,0,1,0,0,1,0,1,0,500
23134,1,1,0,0,1,0,0,0,500
23135,1,1,1,1,0,0,0,0,500
23136,0,1,0,0,1,0,1,0,500
23137,1,1,1,0,0,0,1,0,500
23138,1,1,0,0,0,1,0,0,500
23139,1,1,0,0,0,0,0,0,500
23140,1,1,0,0,0,0,0,0,500
23141,1,1,0,0,0,0,0,0,500
23142,1,1,1,1,0,1,0,0,500
23143,1,1,0,0,0,0,0,0,500
23144,1,1,1,1,1,0,0,0,500
23145,1,1,0,0,1,0,1,0,500
23146,1,1,1,1,0,0,0,0,500
23147,1,1,0,1,0,1,1,0,500
23148,1,1,1,1,1,0,0,0,351
23149,1,1,0,0,1,0,0,0,500
23150,1,1,1,1,0,1,0,0,500
23151,0,1,0,0,1,0,1,0,500
23152,1,1,1,1,0,1,0,0,500
23153,1,1,0,0,1,0,0,0,500
23154,1,1,0,0,1,0,1,0,500
23155,1,1,0,0,1,0,0,0,500
23156,0,1,0,0,1,0,0,0,500
23157,1,1,0,0,0,1,0,0,500
23158,1,1,0,0,0,0,0,0,500
23159,1,1,0,0,0,0,0,0,500
23160,1,1,0,0,0,1,0,0,500
23161,1,1,1,1,0,1,0,0,500
23162,1,0,1,1,0,0,0,0,500
23163,1,1,0,0,0,1,0,0,500
23164,1,1,0,1,0,1,1,0,500
23165,1,1,0,0,0,0,0,0,500
23166,1,1,0,0,0,0,0,0,500
23167,1,1,1,1,0,0,1,0,500
23168,1,1,0,0,1,0,1,0,500
23169,1,1,1,0,0,0,0,0,500
23170,1,1,0,0,0,1,0,0,500
23171,1,1,0,0,0,0,0,0,500
23172,1,1,1,0,1,0,0,0,500
23173,1,1,1,1,0,1,1,0,500
23174,1,1,0,0,0,0,0,0,500
23175,1,1,0,0,0,0,0,0,500
23176,1,1,0,0,1,0,0,0,500
23177,1,1,0,1,0,1,1,0,500
23178,1,1,0,0,0,1,0,0,500
23179,1,0,1,1,0,1,0,0,500
23180,0,1,1,1,1,0,1,0,500
23181,1,1,0,0,0,0,0,0,500
23182,1,1,0,0,1,0,1,0,500
23183,1,1,1,0,0,0,0,0,500
23184,1,1,1,0,0,0,1,0,500
23185,1,1,0,0,0,0,0,0,500
23186,1,1,1,1,1,0,1,0,500
23187,1,1,0,0,0,0,0,0,500
23188,1,1,0,0,0,0,0,0,500
23189,1,1,0,0,0,0,0,0,500
23190,1,1,0,0,1,0,1,0,500
23191,1,1,1,1,0,0,0,0,500
23192,1,1,0,0,1,0,0,0,500
23193,1,1,1,1,0,1,0,0,442
23194,1,1,0,1,0,1,0,0,500
23195,1,0,1,1,1,0,0,0,500
23196,1,1,0,1,0,1,1,0,500
23197,1,1,1,1,0,1,0,0,500
23198,1,1,0,0,0,1,0,0,500
23199,1,1,0,0,1,0,1,0,500
23200,0,1,1,1,1,0,1,0,500
23201,0,0,0,0,1,0,0,0,500
23202,1,1,0,0,1,0,1,0,500
23203,1,1,0,0,0,0,1,0,500
23204,1,1,0,1,0,1,0,0,500
23205,0,0,0,0,1,0,1,0,500
23206,1,0,1,0,0,1,0,0,500
23207,1,1,0,0,0,1,0,0,500
23208,1,1,0,0,0,1,0,0,500
23209,1,1,0,0,0,1,1,0,500
23210,1,1,0,0,0,1,0,0,500
23211,1,1,1,1,0,1,1,0,500
23212,1,0,0,0,1,0,0,0,500
23213,1,1,0,0,1,0,0,0,500
23214,1,1,0,0,1,0,1,0,500
23215,1,0,0,0,1,0,0,0,500
23216,1,1,0,0,0,1,0,0,500
23217,1,1,0,1,0,1,0,0,500
23218,1,1,0,0,0,0,0,0,500
23219,1,1,1,1,0,1,0,0,379
23220,1,1,1,0,0,0,0,0,500
23221,1,1,0,0,1,0,0,0,500
23222,1,1,0,0,0,1,0,0,500
23223,1,1,0,1,0,1,0,0,135
23224,1,1,0,1,0,1,1,0,500
23225,1,1,0,0,0,1,0,0,500
23226,0,1,0,0,1,0,0,0,500
23227,1,1,0,0,0,0,0,0,500
23228,0,1,0,0,1,0,0,0,500
23229,1,1,0,0,0,1,0,0,500
23230,1,1,1,1,0,1,0,0,500
23231,1,1,1,1,0,1,0,0,500
23232,1,1,1,1,0,1,0,0,500
23233,1,1,1,1,1,0,1,0,500
23234,1,1,1,1,0,1,0,0,500
23235,0,1,0,0,1,0,1,0,500
23236,1,1,0,0,0,0,0,0,500
23237,1,1,1,1,0,1,0,0,500
23238,0,1,0,0,1,0,0,0,500
23239,0,1,1,1,1,0,1,0,500
23240,1,1,1,1,0,1,0,0,489
23241,1,1,1,0,1,0,0,1,500
23242,1,1,1,1,0,0,0,0,500
23243,1,1,0,0,1,0,1,0,500
23244,1,1,0,0,0,0,0,0,500
23245,1,1,0,0,1,0,1,0,500
23246,1,0,0,1,0,0,0,0,500
23247,1,1,1,1,0,1,0,0,500
23248,0,1,1,1,1,0,1,0,500
23249,1,1,0,0,1,0,0,0,500
23250,1,1,1,1,0,0,1,0,500
23251,1,0,0,0,1,0,0,0,205
23252,1,1,0,0,1,0,0,0,500
23253,1,1,1,1,0,0,1,0,500
23254,1,1,0,0,0,0,0,0,500
23255,1,1,0,0,0,1,0,0,500
23256,1,1,1,0,0,1,0,0,500
23257,1,1,0,1,0,0,0,0,500
23258,1,1,0,0,0,0,0,0,500
23259,1,1,1,1,0,1,0,0,500
23260,1,1,0,0,0,1,0,0,500
23261,1,1,0,0,0,1,0,0,500
23262,1,1,1,1,0,0,0,0,500
23263,1,1,1,1,0,0,0,0,500
23264,1,0,1,1,0,0,0,0,500
23265,1,1,0,0,0,0,0,0,500
23266,1,1,0,0,0,1,0,0,500
23267,1,1,1,1,0,0,1,0,500
23268,1,1,1,0,0,0,0,0,500
23269,1,1,0,0,0,1,0,0,500
23270,1,1,1,1,0,0,0,0,500
23271,1,1,0,0,0,0,0,0,500
23272,1,1,0,0,1,0,1,0,294
23273,1,1,1,0,0,1,0,0,500
23274,1,1,0,1,0,1,0,0,500
23275,1,1,1,1,0,0,1,0,500
23276,1,1,1,1,0,1,0,0,500
23277,1,1,0,0,0,0,0,0,500
23278,1,1,0,1,0,1,0,0,196
23279,1,0,1,1,0,1,0,0,500
23280,1,0,0,0,0,1,0,0,500
23281,1,1,0,0,0,0,0,0,500
23282,1,1,0,0,0,1,0,0,500
23283,1,1,0,1,0,0,1,0,500
23284,0,1,1,1,1,0,1,0,500
23285,1,1,1,1,0,1,0,0,500
23286,1,1,0,0,0,1,0,0,500
23287,0,0,0,0,1,0,1,0,500
23288,1,1,0,0,0,1,0,0,500
23289,0,1,0,0,1,0,0,0,500
23290,1,1,1,1,0,0,0,0,500
23291,1,1,0,1,0,1,0,0,500
23292,1,1,0,1,1,0,1,0,54
23293,1,0,1,1,1,0,0,0,500
23294,1,1,1,1,1,0,1,0,500
23295,1,1,1,1,1,0,0,0,500
23296,1,1,1,1,1,0,1,0,500
23297,1,1,1,1,0,1,0,0,500
23298,1,1,0,1,0,0,1,0,500
23299,1,1,0,0,0,0,0,0,500
23300,1,1,1,1,0,1,0,0,500
23301,0,1,0,1,1,0,0,0,500
23302,1,1,1,1,1,0,1,0,500
23303,1,1,1,1,0,0,0,0,500
23304,0,0,0,0,1,0,0,0,500
23305,0,1,0,0,1,0,1,0,500
23306,1,1,0,0,0,1,0,0,500
23307,1,1,0,0,1,0,0,0,500
23308,1,1,0,0,1,0,0,0,500
23309,1,1,0,0,1,0,0,0,500
23310,1,1,1,1,0,0,0,0,500
23311,0,0,1,0,1,0,1,0,500
23312,1,1,1,1,0,1,1,0,500
23313,1,1,1,0,0,1,0,0,500
23314,1,1,0,0,1,0,0,0,500
23315,1,1,1,1,0,1,0,0,500
23316,1,1,1,1,1,0,1,0,500
23317,1,1,0,0,1,0,0,0,500
23318,1,1,0,0,0,0,0,0,500
23319,1,1,1,1,0,1,1,0,500
23320,1,0,0,0,1,0,0,1,500
23321,1,1,0,1,1,0,1,0,500
23322,1,1,0,0,1,0,1,0,500
23323,1,1,1,1,0,1,0,0,500
23324,1,1,0,0,1,0,1,0,500
23325,1,0,1,1,0,0,1,0,500
23326,1,1,0,1,0,0,0,0,500
23327,1,1,1,1,0,0,1,0,500
23328,0,0,0,0,1,0,0,0,500
23329,1,0,1,1,0,1,0,0,500
23330,1,1,1,1,0,1,0,0,500
23331,1,1,1,1,0,0,0,0,500
23332,1,1,1,1,0,1,0,0,500
23333,1,1,0,0,0,1,0,0,500
23334,1,1,0,0,1,0,1,0,168
23335,0,0,0,0,1,0,0,0,500
23336,0,1,1,1,1,0,0,0,500
23337,1,1,0,1,0,1,1,0,500
23338,0,1,0,0,1,0,0,0,500
23339,1,1,1,1,0,1,1,0,500
23340,1,1,0,0,0,0,1,0,500
23341,1,1,1,0,0,1,0,0,500
23342,1,1,0,0,0,1,1,0,500
23343,0,1,1,1,1,0,0,0,500
23344,1,1,1,0,1,0,0,0,500
23345,1,1,0,0,0,0,1,0,500
23346,1,1,0,0,0,1,0,0,500
23347,1,1,0,0,0,0,0,0,500
23348,1,1,0,0,1,0,0,0,500
23349,1,1,1,1,1,0,0,0,500
23350,1,1,0,0,0,0,0,0,500
23351,1,1,0,0,0,1,0,0,500
23352,1,1,0,1,0,1,0,0,500
23353,1,1,1,1,0,1,0,0,500
23354,1,1,1,0,0,1,0,0,500
23355,1,1,1,1,0,1,0,0,442
23356,1,1,1,0,0,1,0,0,500
23357,1,1,1,1,1,0,1,0,500
23358,1,1,1,1,0,0,0,0,500
23359,1,0,1,0,1,0,0,0,500
23360,1,1,1,1,0,1,0,0,500
23361,0,0,1,0,1,0,0,0,500
23362,0,1,1,1,1,0,0,0,500
23363,1,1,1,1,0,0,0,0,500
23364,0,0,0,1,1,0,0,0,500
23365,1,1,0,0,0,0,0,0,500
23366,1,1,0,0,0,0,0,0,500
23367,1,1,0,0,0,1,0,0,500
23368,1,1,0,0,0,1,0,0,500
23369,0,1,1,0,1,0,0,1,500
23370,1,1,1,1,0,0,0,0,500
23371,1,0,1,1,1,0,0,0,500
23372,1,1,0,0,1,0,0,0,500
23373,1,1,0,0,0,1,0,0,500
23374,1,1,0,0,0,1,0,0,500
23375,1,1,0,1,0,1,0,0,500
23376,1,1,1,1,1,0,1,0,500
23377,1,1,1,1,1,0,0,0,500
23378,1,1,1,1,0,1,1,0,500
23379,1,1,0,0,0,1,0,0,500
23380,1,1,1,1,0,0,0,0,500
23381,1,1,0,0,0,1,0,0,500
23382,1,1,0,0,0,0,0,0,500
23383,1,1,1,0,0,1,0,0,500
23384,1,1,0,0,0,0,1,0,500
23385,1,1,0,1,0,0,1,0,500
23386,1,1,0,0,1,0,0,0,500
23387,1,1,1,1,1,0,0,0,500
23388,1,1,0,0,0,0,0,0,500
23389,1,1,1,1,1,0,0,0,500
23390,1,1,1,1,0,1,0,0,500
23391,1,1,0,0,1,0,0,1,500
23392,1,1,1,1,0,1,0,0,500
23393,1,1,1,1,1,0,0,0,500
23394,0,1,0,0,1,0,0,0,500
23395,1,1,0,0,0,1,1,0,500
23396,1,1,0,0,0,0,0,0,500
23397,1,1,0,0,0,0,0,0,500
23398,1,0,1,1,1,0,0,0,500
23399,1,1,1,0,0,1,0,0,500
23400,1,1,1,1,0,1,0,0,500
23401,1,1,0,0,0,1,0,0,500
23402,1,1,1,1,0,1,0,0,500
23403,0,1,0,0,1,0,1,0,500
23404,1,1,0,0,0,1,0,0,500
23405,1,0,1,1,0,1,0,0,500
23406,1,1,0,0,0,1,0,0,500
23407,1,1,1,1,0,1,0,0,500
23408,0,1,0,0,1,0,1,0,500
23409,0,1,0,1,1,0,1,0,500
23410,1,1,1,1,0,1,0,0,500
23411,1,1,0,0,0,1,0,0,500
23412,1,1,0,0,1,0,0,0,500
23413,1,1,1,1,0,1,0,0,442
23414,0,1,1,1,1,0,1,0,500
23415,1,1,1,1,0,0,0,0,500
23416,1,1,0,1,0,1,0,0,500
23417,1,1,0,0,0,1,0,0,500
23418,1,1,0,0,0,1,0,0,500
23419,1,1,0,0,0,1,1,0,500
23420,1,1,0,0,1,0,1,0,500
23421,1,1,0,0,1,0,0,0,500
23422,1,0,1,1,1,0,0,0,500
23423,1,0,1,1,0,1,0,0,500
23424,1,1,0,0,1,0,1,0,500
23425,1,1,0,0,0,1,0,0,500
23426,1,1,0,0,0,0,0,0,500
23427,1,1,1,1,0,0,0,0,500
23428,1,1,1,0,1,0,0,1,500
23429,1,1,0,1,0,0,1,0,500
23430,1,0,0,0,1,0,0,0,500
23431,0,1,0,0,1,0,0,0,500
23432,1,1,0,0,0,1,0,0,500
23433,1,1,0,0,1,0,1,0,500
23434,0,1,0,0,1,0,1,0,500
23435,1,1,1,1,0,1,0,0,500
23436,1,1,0,1,0,1,0,0,500
23437,1,1,0,0,1,0,0,0,500
23438,0,1,0,0,1,0,0,0,500
23439,1,1,0,1,0,1,0,0,500
23440,1,1,1,0,0,0,0,0,500
23441,1,1,0,0,0,0,0,0,500
23442,1,1,0,0,0,1,0,0,500
23443,1,1,0,0,1,0,1,0,500
23444,1,1,1,1,0,0,1,0,98
23445,1,1,1,1,0,1,0,0,500
23446,1,0,1,1,0,1,0,0,500
23447,1,1,0,0,0,0,0,0,500
23448,0,1,0,0,1,0,1,0,500
23449,1,0,1,1,0,1,0,0,500
23450,1,1,0,1,0,0,0,0,500
23451,1,1,1,1,0,1,1,0,439
23452,1,0,0,0,1,0,0,0,500
23453,1,1,1,1,0,1,0,0,500
23454,1,1,0,1,0,1,0,0,500
23455,1,1,0,0,0,1,0,0,500
23456,0,1,1,0,1,0,0,1,500
23457,1,1,1,1,1,0,0,0,500
23458,1,1,0,0,1,0,0,0,500
23459,1,1,0,0,1,0,0,0,500
23460,1,1,1,1,1,0,0,0,500
23461,1,1,1,0,1,0,0,0,500
23462,0,1,0,0,1,0,0,0,500
23463,1,0,0,0,0,1,0,0,500
23464,1,1,1,0,0,0,0,0,500
23465,1,1,0,0,0,1,0,0,500
23466,1,1,0,0,0,1,0,0,500
23467,0,1,1,1,1,0,0,0,500
23468,1,1,0,1,0,0,0,0,500
23469,1,1,1,0,0,0,0,1,500
23470,1,1,1,1,0,1,0,0,500
23471,1,1,1,1,0,1,0,0,500
23472,1,1,0,0,0,1,0,0,500
23473,1,1,1,1,0,1,0,0,500
23474,1,1,0,0,0,0,0,0,108
23475,0,0,0,0,1,0,0,0,500
23476,1,1,0,0,0,1,0,0,500
23477,1,1,0,0,0,0,1,0,500
23478,1,1,1,1,0,0,1,0,500
23479,1,1,0,0,0,0,1,0,500
23480,1,1,1,1,0,1,0,0,500
23481,0,1,1,1,1,0,1,0,459
23482,1,1,0,0,0,1,0,0,500
23483,1,1,1,0,0,1,0,0,500
23484,1,1,0,0,0,1,1,0,500
23485,1,1,0,0,0,1,0,0,111
23486,0,0,1,1,1,0,0,0,500
23487,1,1,1,0,0,1,0,0,500
23488,1,1,0,0,0,1,0,0,500
23489,1,1,0,0,0,0,0,0,500
23490,1,1,1,1,0,1,0,0,500
23491,1,1,0,1,0,1,1,0,500
23492,1,1,1,1,0,0,1,0,238
23493,0,1,0,0,1,0,1,0,500
23494,1,1,0,0,1,0,0,0,500
23495,1,1,1,1,0,0,0,0,500
23496,1,1,1,1,1,0,1,0,500
23497,1,1,1,1,0,1,1,0,500
23498,1,1,1,1,0,0,0,0,500
23499,1,1,0,0,0,1,0,0,500
23500,1,1,0,1,1,0,1,0,500
23501,1,1,0,0,0,1,0,0,500
23502,1,1,1,0,0,1,0,0,500
23503,1,0,0,0,1,0,0,0,500
23504,1,1,1,1,0,1,0,0,500
23505,1,1,1,1,0,1,0,0,500
23506,1,1,1,1,0,1,0,0,500
23507,0,1,0,0,1,0,0,1,500
23508,1,1,0,0,0,1,0,0,500
23509,0,1,0,0,1,0,1,0,500
23510,1,1,0,0,0,1,0,0,500
23511,1,1,0,0,0,0,0,0,500
23512,1,1,1,1,1,0,0,0,500
23513,1,1,1,0,0,0,1,0,500
23514,1,1,1,1,0,1,0,0,500
23515,1,1,1,1,0,1,0,0,500
23516,1,1,0,0,1,0,1,0,500
23517,1,1,1,0,1,0,0,0,500
23518,1,0,0,0,0,1,0,0,500
23519,1,1,1,1,0,1,0,0,500
23520,1,1,0,0,1,0,0,0,500
23521,0,1,1,1,1,0,1,0,500
23522,1,1,0,1,0,1,0,0,500
23523,0,1,0,0,1,0,0,0,500
23524,1,1,1,1,0,1,0,0,500
23525,0,1,0,0,1,0,0,0,500
23526,1,1,0,0,0,1,0,0,500
23527,0,1,1,1,1,0,0,0,500
23528,1,1,1,1,1,0,1,0,500
23529,0,1,1,0,1,0,1,0,500
23530,1,0,1,1,0,1,0,0,500
23531,1,1,1,1,1,0,0,0,500
23532,1,1,0,0,1,0,0,0,500
23533,1,1,0,0,0,0,0,0,500
23534,1,1,1,1,0,1,0,0,500
23535,1,1,1,1,0,0,1,0,500
23536,1,1,1,1,1,0,0,0,500
23537,1,1,1,1,0,0,0,0,500
23538,1,1,1,1,1,0,0,0,500
23539,1,1,0,0,0,1,0,0,500
23540,1,1,1,1,0,1,0,0,500
23541,1,1,0,0,0,0,0,0,500
23542,0,1,0,0,1,0,0,0,500
23543,0,1,0,0,1,0,0,0,500
23544,1,1,0,0,0,0,0,0,500
23545,0,1,0,0,1,0,0,0,500
23546,1,0,0,0,1,0,0,1,500
23547,1,1,1,0,0,0,0,0,500
23548,1,1,0,0,1,0,0,0,500
23549,1,1,0,1,0,1,0,0,500
23550,1,0,0,0,1,0,0,0,500
23551,1,0,0,0,1,0,0,0,500
23552,1,0,1,1,1,0,0,0,500
23553,1,1,0,0,0,1,1,0,500
23554,1,1,0,0,0,1,0,0,500
23555,1,1,0,1,0,0,0,0,500
23556,1,1,0,0,1,0,0,1,500
23557,1,1,0,0,0,0,0,0,500
23558,1,1,0,0,1,0,1,0,500
23559,1,1,0,0,0,1,1,0,500
23560,1,1,1,0,0,1,0,0,500
23561,1,1,1,1,0,1,0,0,500
23562,1,1,0,1,0,0,1,0,500
23563,1,1,1,1,1,0,1,0,500
23564,0,1,1,0,1,0,0,1,500
23565,1,0,1,1,0,0,0,0,500
23566,1,1,1,1,0,1,1,0,500
23567,1,0,0,0,1,0,0,0,500
23568,0,1,0,0,1,0,0,1,500
23569,1,0,1,1,0,1,0,0,500
23570,1,1,1,1,0,1,0,0,500
23571,1,1,0,0,0,0,0,0,500
23572,1,1,0,0,0,1,0,0,500
23573,1,1,1,1,0,1,0,0,500
23574,0,1,0,0,1,0,1,0,49
23575,1,1,1,1,0,1,0,0,500
23576,1,0,1,1,1,0,0,0,500
23577,1,1,1,1,0,0,0,0,500
23578,1,1,1,0,0,0,0,1,500
23579,1,0,1,1,1,0,0,0,500
23580,1,1,0,0,1,0,1,0,500
23581,1,1,1,1,0,1,1,0,500
23582,1,1,1,0,1,0,0,0,500
23583,1,1,0,1,0,0,0,0,500
23584,1,1,0,1,0,0,1,0,500
23585,1,1,0,1,0,0,0,0,500
23586,1,1,0,0,1,0,1,0,500
23587,0,0,0,0,1,0,0,1,500
23588,1,1,1,1,0,1,0,0,500
23589,1,1,0,0,0,0,0,0,500
23590,0,0,0,0,1,0,0,0,500
23591,1,1,1,1,0,1,1,0,500
23592,0,1,0,0,1,0,1,0,500
23593,1,1,1,0,0,0,0,0,500
23594,1,1,1,1,0,1,0,0,500
23595,0,1,1,1,1,0,1,0,500
23596,1,1,0,0,0,1,0,0,500
23597,1,1,1,1,0,1,0,0,500
23598,0,0,1,1,1,0,0,0,500
23599,1,1,1,1,0,0,0,0,500
23600,1,0,0,0,1,0,1,0,168
23601,1,1,0,0,0,0,0,0,500
23602,1,1,0,0,0,1,0,0,500
23603,1,1,0,0,0,0,1,0,500
23604,1,1,0,1,0,0,1,0,500
23605,0,0,1,1,1,0,1,0,500
23606,1,1,0,0,0,0,0,0,500
23607,1,1,0,0,0,1,0,0,500
23608,1,1,1,1,0,1,0,0,500
23609,1,0,1,1,1,0,0,0,500
23610,0,1,1,1,1,0,0,0,500
23611,0,1,1,1,1,0,1,0,500
23612,1,0,0,0,0,0,0,0,500
23613,1,1,0,0,0,1,0,0,500
23614,1,1,0,0,0,0,0,1,500
23615,0,1,1,1,1,0,1,0,500
23616,1,1,0,0,0,1,0,0,500
23617,1,1,1,1,0,1,0,0,500
23618,1,1,0,0,1,0,1,0,500
23619,1,1,0,0,1,0,0,0,500
23620,1,1,0,0,0,1,1,0,500
23621,1,1,1,1,0,0,1,0,500
23622,0,1,0,0,1,0,1,0,500
23623,0,1,0,0,1,0,0,0,500
23624,1,1,1,0,0,1,0,0,500
23625,1,1,1,1,0,1,1,0,500
23626,1,0,1,1,0,0,0,0,500
23627,1,1,0,0,1,0,1,0,500
23628,1,1,0,0,0,0,0,0,500
23629,1,1,1,1,0,0,1,0,500
23630,1,1,1,1,0,1,0,0,500
23631,1,0,0,0,1,0,0,0,205
23632,1,1,0,1,1,0,1,0,500
23633,1,1,0,0,0,1,0,0,500
23634,1,1,0,0,0,1,0,0,500
23635,1,0,1,1,1,0,0,0,500
23636,1,1,0,0,1,0,1,0,500
23637,1,1,0,0,0,0,0,0,500
23638,1,1,0,0,0,1,1,0,500
23639,0,1,0,0,1,0,0,0,500
23640,1,1,1,0,0,1,0,0,500
23641,1,1,1,1,0,1,0,0,500
23642,1,1,0,1,0,0,1,0,500
23643,1,1,1,1,0,1,1,0,500
23644,1,0,0,0,1,0,0,0,500
23645,1,1,0,0,0,0,0,0,500
23646,0,1,0,0,1,0,0,0,500
23647,0,1,1,1,1,0,0,0,500
23648,0,1,0,0,1,0,1,0,500
23649,0,1,0,0,1,0,0,0,500
23650,1,1,1,1,0,1,0,0,500
23651,1,1,0,1,0,0,0,0,500
23652,1,1,1,1,0,0,0,0,500
23653,1,1,0,1,0,0,0,0,500
23654,1,1,1,0,0,0,0,0,500
23655,1,1,1,1,0,0,1,0,500
23656,1,1,1,1,0,1,0,0,500
23657,1,1,1,0,0,1,0,0,500
23658,1,1,1,1,0,1,0,0,500
23659,1,1,1,1,0,0,1,0,500
23660,0,0,0,0,1,0,0,1,500
23661,1,0,1,1,0,0,0,0,500
23662,1,1,1,1,0,0,0,0,500
23663,1,1,0,1,0,1,0,0,500
23664,1,1,0,0,0,0,0,0,500
23665,1,1,0,0,0,0,0,0,500
23666,1,1,0,0,0,0,0,0,500
23667,1,1,1,1,0,0,0,0,500
23668,1,1,0,1,0,0,0,0,500
23669,1,1,1,1,0,1,0,0,500
23670,1,1,1,1,0,1,0,0,500
23671,0,0,0,0,1,0,1,0,500
23672,1,1,0,0,0,0,0,0,500
23673,1,1,0,0,0,0,0,0,500
23674,1,1,0,0,0,0,0,0,500
23675,1,0,1,1,0,0,1,0,478
23676,1,1,1,1,0,1,0,0,500
23677,1,1,0,0,0,1,0,0,500
23678,1,1,1,1,0,0,0,0,500
23679,1,1,0,0,0,1,0,0,500
23680,1,1,1,1,0,1,0,0,241
23681,0,1,0,1,1,0,0,0,500
23682,1,1,1,1,0,0,0,0,347
23683,1,1,1,1,1,0,0,0,500
23684,1,1,0,1,0,1,0,0,500
23685,0,1,1,0,1,0,1,0,500
23686,1,1,1,1,1,0,0,0,500
23687,1,1,0,0,0,0,0,0,500
23688,1,0,1,0,1,0,0,0,500
23689,1,1,0,0,1,0,1,0,500
23690,1,1,0,0,1,0,0,0,500
23691,1,0,0,0,1,0,0,0,500
23692,0,1,1,1,1,0,0,0,500
23693,1,1,1,1,0,1,0,0,500
23694,1,0,1,0,1,0,0,0,500
23695,1,1,0,0,0,0,0,0,500
23696,1,1,0,1,0,1,0,0,500
23697,1,1,0,0,0,0,0,0,500
23698,1,1,1,1,0,1,0,0,379
23699,1,1,0,1,0,0,1,0,500
23700,1,1,0,0,1,0,1,0,500
23701,1,1,1,1,0,1,0,0,500
23702,1,1,1,1,1,0,0,0,500
23703,1,1,0,0,1,0,0,0,500
23704,1,1,1,1,0,1,0,0,500
23705,1,1,1,1,0,1,0,0,500
23706,1,0,0,0,0,0,0,0,16
23707,0,1,0,0,1,0,0,0,500
23708,0,1,0,0,1,0,1,0,270
23709,1,1,1,1,0,1,1,0,500
23710,1,0,1,1,0,1,0,0,500
23711,1,1,1,1,0,1,0,0,500
23712,1,1,1,1,0,0,1,0,500
23713,0,1,0,0,1,0,0,0,500
23714,1,0,0,0,1,0,0,0,205
23715,1,1,0,1,0,1,0,0,500
23716,1,1,0,0,1,0,0,0,500
23717,1,1,0,0,0,0,0,0,500
23718,1,1,1,1,0,1,0,0,500
23719,1,0,0,0,1,0,0,0,500
23720,1,1,1,1,0,0,1,0,500
23721,1,1,0,0,0,1,0,0,500
23722,1,1,0,0,1,0,0,0,500
23723,1,1,0,0,0,0,1,0,500
23724,0,1,0,0,1,0,1,0,500
23725,1,0,1,1,1,0,0,0,306
23726,1,1,1,1,1,0,1,0,27
23727,1,1,1,1,0,1,0,0,500
23728,1,1,0,0,0,1,0,0,500
23729,0,0,0,0,1,0,0,1,500
23730,1,1,0,0,0,0,0,0,500
23731,1,1,0,0,0,1,0,0,500
23732,0,1,0,0,1,0,0,1,500
23733,1,1,0,0,1,0,1,0,500
23734,1,1,0,0,0,0,0,0,500
23735,1,1,1,1,0,1,0,0,500
23736,1,1,0,0,0,0,1,0,500
23737,1,1,0,0,0,1,0,0,500
23738,1,1,1,1,1,0,0,0,500
23739,1,1,0,0,0,0,0,0,500
23740,1,1,1,1,0,0,0,0,500
23741,0,0,1,1,1,0,0,0,500
23742,1,1,1,1,0,1,1,0,500
23743,1,1,0,0,0,0,0,0,500
23744,1,1,1,1,0,1,0,0,500
23745,1,1,0,0,0,1,0,0,500
23746,1,1,0,0,0,1,0,0,500
23747,1,1,1,1,0,1,0,0,500
23748,1,1,1,1,1,0,0,0,500
23749,1,1,1,1,0,1,1,0,500
23750,1,0,1,0,0,0,0,0,500
23751,1,1,0,1,0,0,0,0,500
23752,1,0,1,0,1,0,0,0,500
23753,0,0,0,0,1,0,0,1,500
23754,1,1,1,1,0,1,0,0,500
23755,1,1,0,1,0,1,0,0,500
23756,1,1,1,1,0,0,0,0,500
23757,1,1,0,1,0,1,0,0,500
23758,1,1,1,1,0,1,0,0,500
23759,1,1,1,1,1,0,0,0,500
23760,1,1,1,1,0,1,0,0,500
23761,1,1,0,0,1,0,0,0,500
23762,0,1,0,1,1,0,0,0,500
23763,1,0,0,0,1,0,1,0,500
23764,1,1,1,1,0,1,0,0,500
23765,1,0,1,0,0,0,0,0,500
23766,1,0,1,0,1,0,0,0,500
23767,1,1,0,0,1,0,0,0,500
23768,1,1,0,0,1,0,1,0,500
23769,1,0,1,1,1,0,1,0,500
23770,0,1,0,0,1,0,1,0,500
23771,1,1,0,0,0,1,0,0,500
23772,1,1,1,0,0,1,0,0,500
23773,1,1,0,1,0,0,0,0,500
23774,1,1,0,0,0,1,0,0,500
23775,1,1,0,0,1,0,1,0,500
23776,1,1,0,0,0,0,0,0,500
23777,1,1,1,1,1,0,0,0,500
23778,0,1,1,1,1,0,1,0,500
23779,1,1,1,1,0,0,0,0,500
23780,1,1,1,1,0,1,0,0,500
23781,1,1,1,1,0,1,0,0,500
23782,0,0,1,0,1,0,1,0,500
23783,1,1,0,0,1,0,0,0,500
23784,1,1,1,1,0,0,0,0,500
23785,1,1,1,1,0,1,0,0,500
23786,1,1,0,0,0,0,0,0,500
23787,0,0,0,1,1,0,1,0,500
23788,1,1,0,0,0,1,0,0,500
23789,0,1,0,0,1,0,0,0,500
23790,1,1,0,0,1,0,0,1,500
23791,1,1,0,1,0,0,0,0,500
23792,1,1,0,0,0,1,0,0,500
23793,1,1,0,0,0,1,0,0,500
23794,1,1,1,1,0,1,0,0,500
23795,1,1,1,0,0,0,0,0,500
23796,1,1,1,1,0,1,0,0,500
23797,1,1,0,1,0,0,0,0,500
23798,1,1,1,1,1,0,0,0,500
23799,1,1,1,1,0,1,0,0,500
23800,1,1,0,0,0,0,1,0,500
23801,0,1,0,0,1,0,0,0,500
23802,0,0,1,1,1,0,1,0,220
23803,1,1,0,0,0,0,0,0,500
23804,1,1,0,0,1,0,0,0,500
23805,1,0,0,0,0,1,0,0,500
23806,1,1,0,1,0,1,0,0,500
23807,1,1,0,0,1,0,0,0,500
23808,0,0,0,0,1,0,0,1,500
23809,1,1,0,0,0,1,0,0,500
23810,1,1,0,0,1,0,0,0,500
23811,1,1,0,1,1,0,0,0,500
23812,1,1,1,1,1,0,0,0,500
23813,1,1,1,1,0,1,0,0,500
23814,1,0,0,1,0,1,0,0,500
23815,1,1,0,1,0,0,0,0,500
23816,1,1,0,0,1,0,1,0,95
23817,1,1,0,0,0,0,0,0,500
23818,1,1,1,1,0,1,0,0,500
23819,1,1,0,0,1,0,0,0,500
23820,1,1,1,1,0,1,0,0,500
23821,1,1,0,0,0,1,1,0,500
23822,1,1,0,0,0,0,0,0,500
23823,1,1,1,1,0,1,1,0,500
23824,1,0,0,0,0,1,0,0,500
23825,1,1,0,0,0,1,0,0,500
23826,1,1,1,1,1,0,0,0,500
23827,1,1,0,0,1,0,1,0,168
23828,1,1,1,0,0,0,0,0,500
23829,1,1,1,0,1,0,0,0,500
23830,0,1,1,1,1,0,0,0,500
23831,1,1,0,0,0,1,0,0,500
23832,1,1,0,0,1,0,1,0,500
23833,1,1,0,0,0,1,0,0,500
23834,1,1,0,0,1,0,1,0,500
23835,1,1,0,1,1,1,0,0,500
23836,1,0,0,0,1,0,0,0,500
23837,0,0,0,0,1,0,0,0,500
23838,0,1,1,0,1,0,0,0,500
23839,1,1,1,0,0,0,0,0,500
23840,0,1,0,1,1,0,1,0,500
23841,1,0,0,0,1,0,0,0,500
23842,1,1,1,1,0,0,0,0,89
23843,1,1,1,1,0,0,0,0,500
23844,1,1,1,1,0,0,1,0,500
23845,1,1,1,1,0,0,0,0,500
23846,1,1,0,0,1,0,0,0,500
23847,1,1,1,1,0,0,0,0,500
23848,1,1,0,0,0,1,0,0,500
23849,1,1,1,0,1,0,0,0,500
23850,1,0,0,0,1,0,0,0,500
23851,1,1,1,0,1,0,0,0,500
23852,1,1,1,1,0,1,0,0,500
23853,0,1,0,1,1,0,1,0,500
23854,1,1,1,1,0,0,0,0,500
23855,1,1,0,0,1,0,1,0,500
23856,1,1,0,0,0,0,0,0,500
23857,1,0,1,1,0,0,0,0,500
23858,1,1,0,0,1,0,0,0,500
23859,1,0,0,1,0,1,0,0,500
23860,1,1,1,1,0,1,0,0,500
23861,1,1,1,1,0,1,0,0,500
23862,0,1,1,1,1,0,0,1,500
23863,1,0,0,1,0,0,0,0,500
23864,1,1,0,0,0,0,0,0,500
23865,1,0,0,0,1,0,0,0,205
23866,1,1,0,1,0,1,0,0,500
23867,1,1,1,1,0,0,0,0,500
23868,1,1,1,1,0,1,0,0,500
23869,1,1,0,0,0,0,0,0,500
23870,1,1,0,0,1,0,0,0,500
23871,1,1,1,1,0,1,0,0,500
23872,1,1,1,1,0,0,0,0,500
23873,1,1,0,0,1,0,0,0,500
23874,0,1,0,0,1,0,0,0,500
23875,0,1,0,0,1,0,0,1,500
23876,1,0,0,0,1,0,0,0,500
23877,1,1,1,1,0,0,0,0,500
23878,1,1,0,0,0,0,0,0,500
23879,1,1,1,1,1,0,0,0,500
23880,1,1,1,1,0,0,0,0,500
23881,1,0,1,1,0,1,0,0,500
23882,1,0,0,1,0,0,0,0,500
23883,1,1,0,0,0,1,0,0,500
23884,1,1,0,0,1,0,1,0,500
23885,1,1,0,0,0,1,0,0,500
23886,0,1,0,0,1,0,0,0,500
23887,0,1,1,1,1,0,1,0,500
23888,1,1,0,0,0,1,0,0,500
23889,1,1,0,0,0,0,0,0,500
23890,1,1,1,1,0,1,0,0,500
23891,1,1,1,1,0,1,0,0,500
23892,1,1,1,1,0,0,0,0,500
23893,1,1,1,1,1,0,1,0,500
23894,1,1,0,1,0,0,0,0,500
23895,1,1,1,0,0,0,1,0,500
23896,1,0,0,1,0,0,0,0,500
23897,1,1,0,0,1,0,1,0,500
23898,1,1,1,1,0,0,0,0,500
23899,1,1,0,0,0,1,0,0,500
23900,1,1,0,1,0,1,0,0,500
23901,1,1,0,0,0,1,0,0,500
23902,1,1,1,1,0,1,0,0,500
23903,1,1,0,0,0,0,0,0,500
23904,0,1,0,0,1,0,1,0,500
23905,1,1,1,1,0,1,0,0,500
23906,1,1,1,0,0,0,0,0,500
23907,1,0,1,1,1,0,0,0,500
23908,0,0,0,0,1,0,0,0,500
23909,1,1,1,0,0,1,0,0,500
23910,1,1,1,1,0,1,0,0,500
23911,1,1,0,0,0,0,0,0,500
23912,1,1,1,1,0,1,0,0,500
23913,1,1,1,1,1,0,1,0,500
23914,1,1,0,0,1,0,0,0,500
23915,1,1,1,1,0,0,0,0,500
23916,1,1,1,1,0,1,0,0,500
23917,1,1,1,1,0,1,1,0,500
23918,1,1,0,0,0,0,1,0,500
23919,1,1,1,1,0,1,1,0,500
23920,1,1,0,0,0,1,1,0,500
23921,1,1,0,1,0,1,0,0,442
23922,1,1,0,0,0,0,0,0,500
23923,1,1,0,1,0,1,0,0,82
23924,1,1,0,0,1,0,1,0,500
23925,1,1,0,0,0,0,0,0,500
23926,1,0,0,0,1,0,0,1,500
23927,1,1,0,0,0,0,0,0,500
23928,1,1,1,0,1,0,0,0,500
23929,1,1,0,0,0,0,1,0,500
23930,1,1,1,1,0,0,0,0,500
23931,1,1,0,0,0,0,1,0,500
23932,1,1,0,0,0,0,1,0,500
23933,0,0,0,0,1,0,0,1,500
23934,1,1,1,1,0,1,0,0,500
23935,1,1,1,1,0,1,0,0,500
23936,1,1,0,0,1,0,0,0,500
23937,1,1,1,1,0,0,1,0,500
23938,0,0,0,0,1,0,0,1,500
23939,1,1,0,0,0,1,0,0,500
23940,1,1,1,1,0,1,0,0,500
23941,1,0,0,0,0,0,0,0,500
23942,1,1,0,0,0,0,0,0,500
23943,1,1,0,0,0,0,0,0,500
23944,1,1,1,1,0,1,0,0,500
23945,1,1,1,1,0,0,1,0,500
23946,1,1,0,0,1,0,1,0,500
23947,1,1,0,0,0,1,0,0,500
23948,1,1,1,1,0,1,1,0,500
23949,1,1,0,0,0,1,0,0,500
23950,1,1,0,0,0,1,0,0,500
23951,1,1,1,1,1,0,0,0,500
23952,1,1,0,0,1,0,1,0,500
23953,1,1,0,1,0,1,0,0,500
23954,1,1,0,0,0,0,0,0,500
23955,1,0,0,0,0,0,0,0,500
23956,1,1,0,0,0,0,0,0,500
23957,1,1,0,0,1,0,0,0,500
23958,1,1,1,1,0,0,0,0,500
23959,1,1,0,0,0,0,0,0,500
23960,1,0,1,1,0,0,0,0,500
23961,1,1,0,0,0,1,0,0,500
23962,1,1,0,1,0,1,0,0,500
23963,1,1,1,1,0,1,0,0,500
23964,1,1,0,0,1,0,0,0,500
23965,0,1,0,0,1,0,1,0,500
23966,1,1,1,0,0,0,0,0,500
23967,1,1,1,1,1,0,1,0,500
23968,1,0,1,1,0,0,0,0,101
23969,1,1,0,0,1,0,1,0,500
23970,0,1,1,1,1,0,0,0,500
23971,1,1,0,0,0,0,0,0,500
23972,1,0,1,1,0,1,0,0,500
23973,1,1,0,0,0,0,0,0,500
23974,1,1,1,1,0,1,0,0,500
23975,1,1,1,1,0,0,0,0,500
23976,1,1,0,0,0,1,1,0,500
23977,1,1,1,1,1,0,1,0,500
23978,1,1,0,0,0,0,0,0,500
23979,1,1,0,1,0,1,0,0,500
23980,1,0,1,1,0,0,0,0,500
23981,1,1,0,0,1,0,1,0,500
23982,1,1,0,0,0,0,0,0,500
23983,1,1,1,1,0,0,1,0,500
23984,1,1,1,1,0,1,0,0,500
23985,1,1,0,0,1,0,1,0,500
23986,1,1,0,0,1,0,0,0,500
23987,1,1,0,0,1,0,0,0,500
23988,1,1,1,1,0,1,0,0,500
23989,1,1,0,0,1,0,0,0,500
23990,1,1,1,0,0,0,0,0,500
23991,1,1,1,1,0,0,0,0,500
23992,1,1,1,1,0,1,0,0,500
23993,1,1,1,1,1,0,1,0,500
23994,1,1,1,1,1,0,0,0,500
23995,1,0,1,1,0,0,0,0,500
23996,1,1,0,1,0,1,0,0,500
23997,1,1,0,1,1,0,0,0,500
23998,0,1,1,1,1,0,1,0,500
23999,1,1,1,1,0,0,0,0,500
